,‡∏ï‡∏±‡∏ß‡∏≠‡∏¢‡πà‡∏≤‡∏á‡∏Ç‡πâ‡∏≠‡∏°‡∏π‡∏•‡πÅ‡∏û‡πá‡∏Ñ‡πÄ‡∏Å‡∏à,,,,,,,,,,,,
No,Product Code,Name,destination,duration,price,description,,,Uni,Image Uni,availableDates,imageUrl,reviews
,,,,,,,,,,,,,
‡∏•‡∏≥‡∏î‡∏±‡∏ö,‡∏£‡∏´‡∏±‡∏™‡πÅ‡∏û‡πá‡∏Ñ‡πÄ‡∏Å‡∏à‡πÄ‡∏£‡∏µ‡∏¢‡∏ô,‡∏ä‡∏∑‡πà‡∏≠‡πÅ‡∏û‡πá‡∏Ñ‡πÄ‡∏Å‡∏à‡πÄ‡∏£‡∏µ‡∏¢‡∏ô,‡πÄ‡∏°‡∏∑‡∏≠‡∏á,‡∏£‡∏∞‡∏¢‡∏∞‡πÄ‡∏ß‡∏•‡∏≤‡πÉ‡∏ô‡πÄ‡∏£‡∏µ‡∏¢‡∏ô,‡∏£‡∏≤‡∏Ñ‡∏≤‡∏Ç‡∏≠‡∏á‡πÅ‡∏û‡πá‡∏Ñ‡πÄ‡∏Å‡∏à (‡∏ö‡∏≤‡∏ó),‡∏Ñ‡∏≥‡∏≠‡∏ò‡∏¥‡∏ö‡∏≤‡∏¢‡πÇ‡∏Ñ‡∏£‡∏á‡∏Å‡∏≤‡∏£,‡∏£‡∏≤‡∏¢‡∏•‡∏∞‡πÄ‡∏≠‡∏µ‡∏¢‡∏î‡∏Å‡∏¥‡∏à‡∏Å‡∏£‡∏£‡∏°‡πÅ‡∏ï‡πà‡∏•‡∏∞‡∏ß‡∏±‡∏ô (‡∏≠‡∏≤‡∏à‡∏à‡∏∞‡πÄ‡∏õ‡πá‡∏ô‡∏Å‡∏¥‡∏à‡∏Å‡∏£‡∏£‡∏°‡∏ó‡∏µ‡πà‡∏ó‡∏≥‡πÉ‡∏ô‡πÅ‡∏ï‡πà‡∏•‡∏∞‡∏ß‡∏±‡∏ô‡∏Ç‡∏≠‡∏á‡∏ó‡∏±‡∏ß‡∏£‡πå),,‡∏Ç‡πâ‡∏≠‡∏°‡∏π‡∏•‡πÄ‡∏Å‡∏µ‡πà‡∏¢‡∏ß‡∏Å‡∏±‡∏ö‡πÇ‡∏£‡∏á‡πÅ‡∏£‡∏°‡∏ó‡∏µ‡πà‡∏û‡∏±‡∏Å,,‡∏ß‡∏±‡∏ô‡∏ó‡∏µ‡πà‡∏ó‡∏µ‡πà‡πÅ‡∏û‡πá‡∏Ñ‡πÄ‡∏Å‡∏à‡∏ó‡πà‡∏≠‡∏á‡πÄ‡∏ó‡∏µ‡πà‡∏¢‡∏ß‡∏™‡∏≤‡∏°‡∏≤‡∏£‡∏ñ‡∏à‡∏≠‡∏á‡πÑ‡∏î‡πâ,‡∏†‡∏≤‡∏û‡∏ó‡∏µ‡πà‡πÉ‡∏ä‡πâ‡πÅ‡∏™‡∏î‡∏á‡πÅ‡∏û‡πá‡∏Ñ‡πÄ‡∏Å‡∏à,‡∏Ñ‡∏ß‡∏≤‡∏°‡∏Ñ‡∏¥‡∏î‡πÄ‡∏´‡πá‡∏ô‡∏à‡∏≤‡∏Å‡∏•‡∏π‡∏Å‡∏Ñ‡πâ‡∏≤‡πÄ‡∏Å‡∏µ‡πà‡∏¢‡∏ß‡∏Å‡∏±‡∏ö‡πÅ‡∏û‡πá‡∏Ñ‡πÄ‡∏Å‡∏à
EX,TOUR01,"""‡∏ó‡∏±‡∏ß‡∏£‡πå‡πÄ‡∏ä‡∏µ‡∏¢‡∏á‡πÉ‡∏´‡∏°‡πà 3 ‡∏ß‡∏±‡∏ô 2 ‡∏Ñ‡∏∑‡∏ô","‡πÄ‡∏ä‡∏µ‡∏¢‡∏á‡πÉ‡∏´‡∏°‡πà, ‡∏õ‡∏£‡∏∞‡πÄ‡∏ó‡∏®‡πÑ‡∏ó‡∏¢",3 ‡∏ß‡∏±‡∏ô 2 ‡∏Ñ‡∏∑‡∏ô,"15,000","‡∏™‡∏±‡∏°‡∏ú‡∏±‡∏™‡∏ß‡∏±‡∏í‡∏ô‡∏ò‡∏£‡∏£‡∏°‡πÅ‡∏•‡∏∞‡∏ò‡∏£‡∏£‡∏°‡∏ä‡∏≤‡∏ï‡∏¥‡∏Ç‡∏≠‡∏á‡πÄ‡∏ä‡∏µ‡∏¢‡∏á‡πÉ‡∏´‡∏°‡πà ‡∏û‡∏±‡∏Å‡πÇ‡∏£‡∏á‡πÅ‡∏£‡∏°‡∏£‡∏∞‡∏î‡∏±‡∏ö 4 ‡∏î‡∏≤‡∏ß, ‡πÄ‡∏ó‡∏µ‡πà‡∏¢‡∏ß‡∏ß‡∏±‡∏î‡∏û‡∏£‡∏∞‡∏ò‡∏≤‡∏ï‡∏∏‡∏î‡∏≠‡∏¢‡∏™‡∏∏‡πÄ‡∏ó‡∏û, ‡∏•‡πà‡∏≠‡∏á‡πÅ‡∏û‡πÅ‡∏°‡πà‡∏ô‡πâ‡∏≥‡∏õ‡∏¥‡∏á, ‡πÅ‡∏•‡∏∞‡πÄ‡∏î‡∏¥‡∏ô‡∏ä‡∏°‡∏ï‡∏•‡∏≤‡∏î‡πÑ‡∏ô‡∏ó‡πå‡∏ö‡∏≤‡∏ã‡∏≤‡∏£‡πå","""‡πÄ‡∏ä‡πâ‡∏≤: ‡πÄ‡∏ä‡πá‡∏Ñ‡∏≠‡∏¥‡∏ô‡∏ó‡∏µ‡πà‡πÇ‡∏£‡∏á‡πÅ‡∏£‡∏°"", 
""‡∏Å‡∏•‡∏≤‡∏á‡∏ß‡∏±‡∏ô: ‡πÄ‡∏ó‡∏µ‡πà‡∏¢‡∏ß‡∏ß‡∏±‡∏î‡∏û‡∏£‡∏∞‡∏ò‡∏≤‡∏ï‡∏∏‡∏î‡∏≠‡∏¢‡∏™‡∏∏‡πÄ‡∏ó‡∏û"", 
""‡∏ö‡πà‡∏≤‡∏¢: ‡∏ä‡∏°‡∏ß‡∏¥‡∏ß‡πÄ‡∏°‡∏∑‡∏≠‡∏á‡πÄ‡∏ä‡∏µ‡∏¢‡∏á‡πÉ‡∏´‡∏°‡πà‡∏à‡∏≤‡∏Å‡∏à‡∏∏‡∏î‡∏ä‡∏°‡∏ß‡∏¥‡∏ß"", ""‡πÄ‡∏¢‡πá‡∏ô: ‡∏ó‡∏≤‡∏ô‡∏≠‡∏≤‡∏´‡∏≤‡∏£‡∏Ñ‡πà‡∏≥‡∏ó‡∏µ‡πà‡∏£‡πâ‡∏≤‡∏ô‡∏≠‡∏≤‡∏´‡∏≤‡∏£‡∏ó‡πâ‡∏≠‡∏á‡∏ñ‡∏¥‡πà‡∏ô""",‡∏£‡∏π‡∏õ‡∏°‡∏´‡∏≤‡∏ß‡∏¥‡∏ó‡∏¢‡∏≤‡∏•‡∏±‡∏¢,"‡πÇ‡∏£‡∏á‡πÅ‡∏£‡∏°‡πÄ‡∏ä‡∏µ‡∏¢‡∏á‡πÉ‡∏´‡∏°‡πà ‡πÇ‡∏Å‡∏•‡πÄ‡∏î‡πâ‡∏ô ‡πÅ‡∏Å‡∏£‡∏ô‡∏î‡πå , star 4 , 123 ‡∏ñ‡∏ô‡∏ô‡πÄ‡∏ä‡∏µ‡∏¢‡∏á‡πÉ‡∏´‡∏°‡πà, ‡∏à‡∏±‡∏á‡∏´‡∏ß‡∏±‡∏î‡πÄ‡∏ä‡∏µ‡∏¢‡∏á‡πÉ‡∏´‡∏°‡πà, ‡∏õ‡∏£‡∏∞‡πÄ‡∏ó‡∏®‡πÑ‡∏ó‡∏¢ , ‡∏™‡∏£‡∏∞‡∏ß‡πà‡∏≤‡∏¢‡∏ô‡πâ‡∏≥"", ""‡∏´‡πâ‡∏≠‡∏á‡∏≠‡∏≠‡∏Å‡∏Å‡∏≥‡∏•‡∏±‡∏á‡∏Å‡∏≤‡∏¢"", ""Wi-Fi ‡∏ü‡∏£‡∏µ"", ""‡∏´‡πâ‡∏≠‡∏á‡∏≠‡∏≤‡∏´‡∏≤‡∏£",,"""2024-12-01"", ""2024-12-15"", ""2025-01-10"", ""2025-02-20""",,‡∏ó‡∏±‡∏ß‡∏£‡πå‡∏ô‡∏µ‡πâ‡∏¢‡∏≠‡∏î‡πÄ‡∏¢‡∏µ‡πà‡∏¢‡∏°‡∏°‡∏≤‡∏Å! ‡πÑ‡∏Å‡∏î‡πå‡∏ö‡∏£‡∏¥‡∏Å‡∏≤‡∏£‡∏î‡∏µ ‡πÅ‡∏•‡∏∞‡∏Å‡∏¥‡∏à‡∏Å‡∏£‡∏£‡∏°‡∏Å‡πá‡∏™‡∏ô‡∏∏‡∏Å‡∏°‡∏≤‡∏Å
1,HITWINTER2025,"""‡πÄ‡∏£‡∏µ‡∏¢‡∏ô‡∏à‡∏µ‡∏ô ‡πÄ‡∏ó‡∏µ‡πà‡∏¢‡∏ß‡∏´‡∏¥‡∏°‡∏∞‡πÄ‡∏°‡∏∑‡∏≠‡∏á‡∏´‡∏ô‡∏≤‡∏ß Harbin Institute of technology""","Harbin, China ",27 Days,"‡∏´‡πâ‡∏≠‡∏á‡πÄ‡∏î‡∏µ‡πà‡∏¢‡∏ß 55,900","‡πÄ‡∏£‡∏µ‡∏¢‡∏ô‡∏†‡∏≤‡∏©‡∏≤‡∏à‡∏µ‡∏ô‡∏Å‡∏±‡∏ö‡∏°‡∏´‡∏≤‡∏ß‡∏¥‡∏ó‡∏¢‡∏≤‡∏•‡∏±‡∏¢ HIT ‡∏û‡∏£‡πâ‡∏≠‡∏°‡∏Å‡∏≤‡∏£‡πÄ‡∏£‡∏µ‡∏¢‡∏ô‡∏Å‡∏≤‡∏£‡∏™‡∏≠‡∏ô‡πÅ‡∏ö‡∏ö ‡∏û‡∏π‡∏î ‡∏ü‡∏±‡∏á ‡∏≠‡πà‡∏≤‡∏ô ‡πÅ‡∏•‡∏∞‡πÄ‡∏Ç‡∏µ‡∏¢‡∏ô ‡∏û‡∏£‡πâ‡∏≠‡∏°‡πÄ‡∏õ‡∏¥‡∏î‡∏õ‡∏£‡∏∞‡∏™‡∏ö‡∏Å‡∏≤‡∏£‡∏ì‡πå‡πÄ‡∏ó‡∏µ‡πà‡∏¢‡∏ß‡∏™‡∏ñ‡∏≤‡∏ô‡∏ó‡∏µ‡πà‡∏î‡∏±‡∏á‡πÄ‡∏°‡∏∑‡∏≠‡∏á‡∏Æ‡∏≤‡∏£‡πå‡∏ö‡∏¥‡∏ô ‡∏ä‡∏°‡πÄ‡∏°‡∏∑‡∏≠‡∏á‡∏´‡∏¥‡∏°‡∏∞‡πÄ‡∏°‡∏∑‡∏≠‡∏á‡∏´‡∏ô‡∏≤‡∏ß ‡∏â‡∏•‡∏≠‡∏á‡∏õ‡∏µ‡πÉ‡∏´‡∏°‡πà‡∏Å‡∏±‡∏ö‡πÄ‡∏°‡∏∑‡∏≠‡∏á‡∏´‡∏¥‡∏°‡∏∞ ‚Äì ‡πÅ‡∏°‡πà‡∏ô‡πâ‡∏≥‡∏ã‡∏á‡∏Æ‡∏ß‡∏≤‡πÄ‡∏à‡∏µ‡∏¢‡∏á ‚Äì ‡∏ñ‡∏ô‡∏ô‡∏Ñ‡∏ô‡πÄ‡∏î‡∏¥‡∏ô‡∏à‡∏á‡∏´‡∏¢‡∏≤‡∏á ‚Äì ‡πÄ‡∏°‡∏∑‡∏≠‡∏á‡πÄ‡∏Å‡πà‡∏≤‡∏Æ‡∏≤‡∏£‡πå‡∏ö‡∏¥‡∏ô 
‚Äì ‡∏™‡∏ß‡∏ô‡∏™‡∏≤‡∏ò‡∏≤‡∏£‡∏ì‡∏∞‡∏î‡∏ô‡∏ï‡∏£‡∏µ ‚Äì ‡∏ô‡∏±‡πà‡∏á‡∏Å‡∏£‡∏∞‡πÄ‡∏ä‡πâ‡∏≤‡∏Ç‡πâ‡∏≤‡∏°‡πÅ‡∏°‡πà‡∏ô‡πâ‡∏≥‡∏ã‡∏á‡∏´‡∏±‡∏ß ‚Äì ‡∏û‡∏¥‡∏û‡∏¥‡∏ò‡∏†‡∏±‡∏ì‡∏ë‡πå‡πÄ‡∏Æ‡∏¢‡∏´‡∏•‡∏á‡πÄ‡∏à‡∏µ‡∏¢‡∏á",https://drive.google.com/file/d/1zEu2-hcQ_tjq1HYDI-Gp4HGLe12qJ5aT/view?usp=sharing,,Harbin Institute of Technology,https://drive.google.com/drive/u/0/folders/1TkICqeoXySDX00MxmkHGxixJYfQTqcLm,"2024-12-21, ""2025-1-18",https://drive.google.com/file/d/1I9NDKXAKOEOxZnIJV02LvydaSdTEjiZt/view?usp=drivesdk,‡πÄ‡∏£‡∏µ‡∏¢‡∏ô‡∏†‡∏≤‡∏©‡∏≤‡∏à‡∏µ‡∏ô‡∏û‡∏£‡πâ‡∏≠‡∏°‡∏ó‡∏±‡πâ‡∏á‡πÄ‡∏ó‡∏µ‡πà‡∏¢‡∏ß‡∏≠‡∏µ‡∏Å ‡πÑ‡∏°‡πà‡∏°‡∏µ‡∏û‡∏∑‡πâ‡∏ô‡∏ê‡∏≤‡∏ô‡∏™‡∏≤‡∏°‡∏≤‡∏£‡∏ñ‡πÑ‡∏õ‡πÑ‡∏î‡πâ ‡∏Ñ‡∏∑‡∏≠‡∏î‡∏µ‡∏°‡∏≤‡∏Å‡∏Å‡∏Å!! ‡πÉ‡∏Ñ‡∏£‡∏ó‡∏µ‡πà‡∏¢‡∏±‡∏á‡πÑ‡∏°‡πà‡∏°‡∏µ‡∏û‡∏∑‡πâ‡∏ô‡∏ê‡∏≤‡∏ô‡∏≠‡∏¢‡∏≤‡∏Å‡πÉ‡∏´‡πâ‡∏°‡∏≤‡∏•‡∏≠‡∏á‡∏™‡∏±‡∏Å‡∏Ñ‡∏£‡∏±‡πâ‡∏á ‡∏°‡∏µ‡∏ó‡∏±‡πâ‡∏á‡∏Å‡∏¥‡∏à‡∏Å‡∏£‡∏£‡∏° ‡πÑ‡∏î‡πâ‡πÄ‡πÄ‡∏Ç‡πâ‡∏≤‡πÄ‡∏ó‡∏®‡∏Å‡∏≤‡∏•‡∏ü‡∏¥‡∏°‡∏∞‡∏ü‡∏£‡∏µ ‡∏ö‡∏≠‡∏Å‡πÄ‡∏•‡∏¢‡∏ß‡πà‡∏≤‡∏´‡πâ‡∏≤‡∏°‡∏û‡∏•‡∏≤‡∏î 
2,HITOCT2025,"""‡πÄ‡∏£‡∏µ‡∏¢‡∏ô‡∏à‡∏µ‡∏ô ‡πÄ‡∏ó‡∏µ‡πà‡∏¢‡∏ß‡∏à‡∏µ‡∏ô 2 ‡∏™‡∏±‡∏õ‡∏î‡∏≤‡∏´‡πå Harbin Institute of technology""","Harbin, China ",14 Days,"‡∏´‡πâ‡∏≠‡∏á‡πÄ‡∏î‡∏µ‡πà‡∏¢‡∏ß 46,900","‡πÄ‡∏£‡∏µ‡∏¢‡∏ô‡∏†‡∏≤‡∏©‡∏≤‡∏à‡∏µ‡∏ô‡∏Å‡∏±‡∏ö‡∏°‡∏´‡∏≤‡∏ß‡∏¥‡∏ó‡∏¢‡∏≤‡∏•‡∏±‡∏¢ HIT ‡∏û‡∏£‡πâ‡∏≠‡∏°‡∏Å‡∏≤‡∏£‡πÄ‡∏£‡∏µ‡∏¢‡∏ô‡∏Å‡∏≤‡∏£‡∏™‡∏≠‡∏ô‡πÅ‡∏ö‡∏ö ‡∏û‡∏π‡∏î ‡∏ü‡∏±‡∏á ‡∏≠‡πà‡∏≤‡∏ô ‡πÅ‡∏•‡∏∞‡πÄ‡∏Ç‡∏µ‡∏¢‡∏ô ‡∏û‡∏£‡πâ‡∏≠‡∏°‡πÄ‡∏õ‡∏¥‡∏î‡∏õ‡∏£‡∏∞‡∏™‡∏ö‡∏Å‡∏≤‡∏£‡∏ì‡πå‡πÄ‡∏ó‡∏µ‡πà‡∏¢‡∏ß‡∏™‡∏ñ‡∏≤‡∏ô‡∏ó‡∏µ‡πà‡∏î‡∏±‡∏á‡πÄ‡∏°‡∏∑‡∏≠‡∏á‡∏Æ‡∏≤‡∏£‡πå‡∏ö‡∏¥‡∏ô ‡∏ä‡∏°‡πÄ‡∏°‡∏∑‡∏≠‡∏á‡∏´‡∏¥‡∏°‡∏∞‡πÄ‡∏°‡∏∑‡∏≠‡∏á‡∏´‡∏ô‡∏≤‡∏ß ‡∏â‡∏•‡∏≠‡∏á‡∏õ‡∏µ‡πÉ‡∏´‡∏°‡πà‡∏Å‡∏±‡∏ö‡πÄ‡∏°‡∏∑‡∏≠‡∏á‡∏´‡∏¥‡∏°‡∏∞ ‚Äì ‡πÅ‡∏°‡πà‡∏ô‡πâ‡∏≥‡∏ã‡∏á‡∏Æ‡∏ß‡∏≤‡πÄ‡∏à‡∏µ‡∏¢‡∏á ‚Äì ‡∏ñ‡∏ô‡∏ô‡∏Ñ‡∏ô‡πÄ‡∏î‡∏¥‡∏ô‡∏à‡∏á‡∏´‡∏¢‡∏≤‡∏á ‚Äì ‡πÄ‡∏°‡∏∑‡∏≠‡∏á‡πÄ‡∏Å‡πà‡∏≤‡∏Æ‡∏≤‡∏£‡πå‡∏ö‡∏¥‡∏ô 
‚Äì ‡∏™‡∏ß‡∏ô‡∏™‡∏≤‡∏ò‡∏≤‡∏£‡∏ì‡∏∞‡∏î‡∏ô‡∏ï‡∏£‡∏µ ‚Äì ‡∏ô‡∏±‡πà‡∏á‡∏Å‡∏£‡∏∞‡πÄ‡∏ä‡πâ‡∏≤‡∏Ç‡πâ‡∏≤‡∏°‡πÅ‡∏°‡πà‡∏ô‡πâ‡∏≥‡∏ã‡∏á‡∏´‡∏±‡∏ß ‚Äì ‡∏û‡∏¥‡∏û‡∏¥‡∏ò‡∏†‡∏±‡∏ì‡∏ë‡πå‡πÄ‡∏Æ‡∏¢‡∏´‡∏•‡∏á‡πÄ‡∏à‡∏µ‡∏¢‡∏á",https://drive.google.com/file/d/1DljSExFSfJYXslfLCecyC_QpXvcBFr34/view?usp=drivesdk,,Harbin Institute of Technology,https://drive.google.com/drive/u/0/folders/1TkICqeoXySDX00MxmkHGxixJYfQTqcLm,2025/10/12 - 2025/10/27,https://drive.google.com/file/d/1Ho4r6ugx67yCtouOwb6nQcZmUN_K848F/view?usp=drivesdk,"‡∏ó‡∏µ‡πà‡∏´‡∏ô‡∏π‡πÄ‡∏£‡∏µ‡∏¢‡∏ô‡∏à‡∏∞‡πÄ‡∏õ‡πá‡∏ô‡∏Ñ‡∏•‡∏≤‡∏™ B ‡∏Ñ‡πà‡∏∞‡∏ï‡∏≠‡∏ô‡πÄ‡∏£‡∏µ‡∏¢‡∏ô‡∏à‡∏∞‡∏°‡∏µ‡∏û‡∏¥‡∏ô‡∏≠‡∏¥‡∏ô‡∏ô‡∏¥‡∏î‡πÜ‡∏´‡∏ô‡πà‡∏≠‡∏¢‡πÜ‡∏≠‡∏≤‡∏à‡∏≤‡∏£‡∏¢‡πå‡πÉ‡∏ô‡∏Ñ‡∏•‡∏≤‡∏™‡πÉ‡∏à‡∏î‡∏µ‡∏°‡∏≤‡∏Å‡∏Å‡∏Å‡∏Å‡∏Å‡πÄ‡∏£‡∏µ‡∏¢‡∏ô‡∏™‡∏ô‡∏∏‡∏Å‡∏™‡∏∏‡∏î‡πÜ ‡∏Å‡∏≤‡∏£‡πÄ‡∏£‡∏µ‡∏¢‡∏ô‡∏à‡∏µ‡∏ô‡∏ó‡∏µ‡πà‡∏ô‡∏µ‡πà‡∏Ñ‡∏∑‡∏≠‡∏î‡∏µ‡πÄ‡∏•‡∏¢‡∏Ñ‡πà‡∏∞ ‡∏™‡∏≥‡πÄ‡∏ô‡∏µ‡∏¢‡∏á‡∏Ñ‡∏ô‡∏Æ‡∏≤‡∏£‡πå‡∏ö‡∏¥‡∏ô‡∏ü‡∏±‡∏á‡∏á‡πà‡∏≤‡∏¢ ‡πÄ‡∏Ç‡πâ‡∏≤‡πÉ‡∏à‡∏á‡πà‡∏≤‡∏¢ ‡∏ó‡∏µ‡πà‡∏ô‡∏µ‡πâ‡πÄ‡∏£‡∏¥‡πà‡∏°‡πÄ‡∏£‡∏µ‡∏¢‡∏ô 
08:00-12:20 ‡∏ô. ‡∏ö‡∏≤‡∏á‡∏ß‡∏±‡∏ô‡∏´‡∏ô‡∏π‡∏Å‡πá‡∏à‡∏∞‡∏°‡∏µ‡πÄ‡∏£‡∏µ‡∏¢‡∏ô‡∏ö‡πà‡∏≤‡∏¢‡∏î‡πâ‡∏ß‡∏¢‡∏ñ‡∏∂‡∏á 17:00 ‡∏ô.
‡πÄ‡πÄ‡∏ï‡πà‡∏™‡πà‡∏ß‡∏ô‡∏°‡∏≤‡∏Å‡πÄ‡∏£‡∏µ‡∏¢‡∏ô‡∏™‡∏ô‡∏∏‡∏Å‡πÑ‡∏°‡πà‡πÄ‡∏Ñ‡∏£‡∏µ‡∏¢‡∏î‡∏Ñ‡πà‡∏∞ ‡∏≠‡∏¢‡∏π‡πà‡∏à‡∏µ‡∏ô‡πÑ‡∏°‡πà‡∏ï‡πâ‡∏≠‡∏á‡∏Å‡∏±‡∏á‡∏ß‡∏•‡πÄ‡∏•‡∏¢‡∏û‡∏ß‡∏Å‡∏û‡∏µ‡πà‡πÜ‡∏û‡∏£‡πâ‡∏≠‡∏°‡πÉ‡∏´‡πâ‡∏Ñ‡∏≥‡∏õ‡∏£‡∏∂‡∏Å‡∏©‡∏≤ ‡πÄ‡πÄ‡∏ö‡∏ö 24 ‡∏ä‡∏°. ‡∏ó‡∏µ‡πà‡πÄ‡∏õ‡πá‡∏ô 24 ‡∏ä‡∏°. ‡∏à‡∏£‡∏¥‡∏á‡πÜ ‡∏Ñ‡πâ‡∏≤‡∏ö"
3,HIT2W2025,"""‡πÄ‡∏£‡∏µ‡∏¢‡∏ô‡∏à‡∏µ‡∏ô 2 ‡∏™‡∏±‡∏õ‡∏î‡∏≤‡∏´‡πå Harbin Institute of technology"" ","Harbin, China ",14 Days,"‡∏´‡πâ‡∏≠‡∏á‡πÄ‡∏î‡∏µ‡πà‡∏¢‡∏ß 39,990",‡πÇ‡∏Ñ‡∏£‡∏á‡∏Å‡∏≤‡∏£‡πÄ‡∏£‡∏µ‡∏¢‡∏ô‡∏ï‡πà‡∏≠‡∏†‡∏≤‡∏©‡∏≤‡∏à‡∏µ‡∏ô‡∏Å‡∏±‡∏ö ‡∏°‡∏´‡∏≤‡∏ß‡∏¥‡∏ó‡∏¢‡∏≤‡∏•‡∏±‡∏¢‡πÄ‡∏ó‡∏Ñ‡πÇ‡∏ô‡πÇ‡∏•‡∏¢‡∏µ‡∏Æ‡∏≤‡∏£‡πå‡∏ö‡∏¥‡∏ô ‡∏´‡∏ô‡∏∂‡πà‡∏á‡πÉ‡∏ô‡∏°‡∏´‡∏≤‡∏ß‡∏¥‡∏ó‡∏¢‡∏≤‡∏•‡∏±‡∏¢‡∏ä‡∏±‡πâ‡∏ô‡∏ô‡∏≥‡∏Ç‡∏≠‡∏á‡∏õ‡∏£‡∏∞‡πÄ‡∏ó‡∏®‡∏à‡∏µ‡∏ô ‡∏°‡∏µ‡∏ä‡∏∑‡πà‡∏≠‡πÄ‡∏™‡∏µ‡∏¢‡∏á‡πÉ‡∏ô‡∏î‡πâ‡∏≤‡∏ô‡∏Å‡∏≤‡∏£‡∏ß‡∏¥‡∏à‡∏±‡∏¢‡πÅ‡∏•‡∏∞‡∏Å‡∏≤‡∏£‡∏®‡∏∂‡∏Å‡∏©‡∏≤‡πÉ‡∏ô‡∏™‡∏≤‡∏Ç‡∏≤‡∏ß‡∏¥‡∏ó‡∏¢‡∏≤‡∏®‡∏≤‡∏™‡∏ï‡∏£‡πå‡πÅ‡∏•‡∏∞‡πÄ‡∏ó‡∏Ñ‡πÇ‡∏ô‡πÇ‡∏•‡∏¢‡∏µ ‡∏Å‡πà‡∏≠‡∏ï‡∏±‡πâ‡∏á‡∏Ç‡∏∂‡πâ‡∏ô‡πÉ‡∏ô‡∏õ‡∏µ 1920 ‡πÅ‡∏•‡∏∞‡πÄ‡∏õ‡πá‡∏ô‡∏´‡∏ô‡∏∂‡πà‡∏á‡πÉ‡∏ô‡∏°‡∏´‡∏≤‡∏ß‡∏¥‡∏ó‡∏¢‡∏≤‡∏•‡∏±‡∏¢‡∏Å‡∏•‡∏∏‡πà‡∏° C9 League ‡∏î‡πâ‡∏ß‡∏¢‡∏Å‡∏≤‡∏£‡πÄ‡∏£‡∏µ‡∏¢‡∏ô‡∏Å‡∏≤‡∏£‡∏™‡∏≠‡∏ô‡πÄ‡∏õ‡πá‡∏ô‡πÅ‡∏ö‡∏ö‡∏Å‡∏≤‡∏£‡∏û‡∏π‡∏î ‡∏ü‡∏±‡∏á ‡∏≠‡πà‡∏≤‡∏ô ‡πÅ‡∏•‡∏∞‡∏Å‡∏≤‡∏£‡πÄ‡∏Ç‡∏µ‡∏¢‡∏ô  ‡∏û‡∏£‡πâ‡∏≠‡∏°‡πÄ‡∏õ‡∏¥‡∏î‡∏õ‡∏£‡∏∞‡∏™‡∏ö‡∏Å‡∏≤‡∏£‡∏ì‡πå‡πÄ‡∏£‡∏µ‡∏¢‡∏ô‡∏°‡∏´‡∏≤‡∏ß‡∏¥‡∏ó‡∏¢‡∏≤‡∏•‡∏±‡∏¢‡∏î‡∏±‡∏á Top 10 ‡∏Ç‡∏≠‡∏á‡∏õ‡∏£‡∏∞‡πÄ‡∏ó‡∏®‡∏à‡∏µ‡∏ô Harbin Institute of Technology ‡∏°‡∏´‡∏≤‡∏ß‡∏¥‡∏ó‡∏¢‡∏≤‡∏•‡∏±‡∏¢‡∏ä‡∏∑‡πà‡∏≠‡∏î‡∏±‡∏á‡∏Ç‡∏≠‡∏á‡∏à‡∏µ‡∏ô,‡∏ä‡πà‡∏ß‡∏á‡πÄ‡∏ß‡∏•‡∏≤‡∏Å‡∏≤‡∏£‡∏£‡∏±‡∏ö‡∏™‡∏°‡∏±‡∏Ñ‡∏£ 1-2 ‡πÄ‡∏î‡∏∑‡∏≠‡∏ô‡∏Å‡πà‡∏≠‡∏ô‡πÄ‡∏î‡∏¥‡∏ô‡∏ó‡∏≤‡∏á ‡∏ß‡∏±‡∏ô‡πÅ‡∏•‡∏∞‡πÄ‡∏ß‡∏•‡∏≤‡πÄ‡∏î‡∏¥‡∏ô‡∏ó‡∏≤‡∏á‡∏™‡∏≠‡∏ö‡∏ñ‡∏≤‡∏°‡∏Å‡∏±‡∏ö‡∏ó‡∏≤‡∏á‡∏ö‡∏£‡∏¥‡∏©‡∏±‡∏ó‡∏≠‡∏µ‡∏Å‡∏Ñ‡∏£‡∏±‡πâ‡∏á,,Harbin Institute of Technology,https://drive.google.com/drive/u/0/folders/1TkICqeoXySDX00MxmkHGxixJYfQTqcLm,‡πÄ‡∏î‡∏¥‡∏ô‡∏ó‡∏≤‡∏á ‡∏°‡∏µ‡∏ô‡∏≤‡∏Ñ‡∏°‡πÅ‡∏•‡∏∞‡∏Å‡∏±‡∏ô‡∏¢‡∏≤‡∏¢‡∏ô,https://drive.google.com/file/d/1-4n9tF33moIyrFKCffLAdxDjMqPlfEEZ/view?usp=drivesdk,
,,,,,,,,,,,,,
4,HIT3W2025,"""‡πÄ‡∏£‡∏µ‡∏¢‡∏ô‡∏à‡∏µ‡∏ô 3 ‡∏™‡∏±‡∏õ‡∏î‡∏≤‡∏´‡πå Harbin Institute of technology""","Harbin, China ",3 ‡∏™‡∏±‡∏õ‡∏î‡∏≤‡∏´‡πå,"‡∏´‡πâ‡∏≠‡∏á‡∏Ñ‡∏π‡πà 43,900",‡πÇ‡∏Ñ‡∏£‡∏á‡∏Å‡∏≤‡∏£‡πÄ‡∏£‡∏µ‡∏¢‡∏ô‡∏ï‡πà‡∏≠‡∏†‡∏≤‡∏©‡∏≤‡∏à‡∏µ‡∏ô‡∏Å‡∏±‡∏ö ‡∏°‡∏´‡∏≤‡∏ß‡∏¥‡∏ó‡∏¢‡∏≤‡∏•‡∏±‡∏¢‡πÄ‡∏ó‡∏Ñ‡πÇ‡∏ô‡πÇ‡∏•‡∏¢‡∏µ‡∏Æ‡∏≤‡∏£‡πå‡∏ö‡∏¥‡∏ô ‡∏´‡∏ô‡∏∂‡πà‡∏á‡πÉ‡∏ô‡∏°‡∏´‡∏≤‡∏ß‡∏¥‡∏ó‡∏¢‡∏≤‡∏•‡∏±‡∏¢‡∏ä‡∏±‡πâ‡∏ô‡∏ô‡∏≥‡∏Ç‡∏≠‡∏á‡∏õ‡∏£‡∏∞‡πÄ‡∏ó‡∏®‡∏à‡∏µ‡∏ô ‡∏°‡∏µ‡∏ä‡∏∑‡πà‡∏≠‡πÄ‡∏™‡∏µ‡∏¢‡∏á‡πÉ‡∏ô‡∏î‡πâ‡∏≤‡∏ô‡∏Å‡∏≤‡∏£‡∏ß‡∏¥‡∏à‡∏±‡∏¢‡πÅ‡∏•‡∏∞‡∏Å‡∏≤‡∏£‡∏®‡∏∂‡∏Å‡∏©‡∏≤‡πÉ‡∏ô‡∏™‡∏≤‡∏Ç‡∏≤‡∏ß‡∏¥‡∏ó‡∏¢‡∏≤‡∏®‡∏≤‡∏™‡∏ï‡∏£‡πå‡πÅ‡∏•‡∏∞‡πÄ‡∏ó‡∏Ñ‡πÇ‡∏ô‡πÇ‡∏•‡∏¢‡∏µ ‡∏Å‡πà‡∏≠‡∏ï‡∏±‡πâ‡∏á‡∏Ç‡∏∂‡πâ‡∏ô‡πÉ‡∏ô‡∏õ‡∏µ 1920 ‡πÅ‡∏•‡∏∞‡πÄ‡∏õ‡πá‡∏ô‡∏´‡∏ô‡∏∂‡πà‡∏á‡πÉ‡∏ô‡∏°‡∏´‡∏≤‡∏ß‡∏¥‡∏ó‡∏¢‡∏≤‡∏•‡∏±‡∏¢‡∏Å‡∏•‡∏∏‡πà‡∏° C9 League ‡∏î‡πâ‡∏ß‡∏¢‡∏Å‡∏≤‡∏£‡πÄ‡∏£‡∏µ‡∏¢‡∏ô‡∏Å‡∏≤‡∏£‡∏™‡∏≠‡∏ô‡πÄ‡∏õ‡πá‡∏ô‡πÅ‡∏ö‡∏ö‡∏Å‡∏≤‡∏£‡∏û‡∏π‡∏î ‡∏ü‡∏±‡∏á ‡∏≠‡πà‡∏≤‡∏ô ‡πÅ‡∏•‡∏∞‡∏Å‡∏≤‡∏£‡πÄ‡∏Ç‡∏µ‡∏¢‡∏ô  ‡∏û‡∏£‡πâ‡∏≠‡∏°‡πÄ‡∏õ‡∏¥‡∏î‡∏õ‡∏£‡∏∞‡∏™‡∏ö‡∏Å‡∏≤‡∏£‡∏ì‡πå‡πÄ‡∏£‡∏µ‡∏¢‡∏ô‡∏°‡∏´‡∏≤‡∏ß‡∏¥‡∏ó‡∏¢‡∏≤‡∏•‡∏±‡∏¢‡∏î‡∏±‡∏á Top 10 ‡∏Ç‡∏≠‡∏á‡∏õ‡∏£‡∏∞‡πÄ‡∏ó‡∏®‡∏à‡∏µ‡∏ô Harbin Institute of Technology ‡∏°‡∏´‡∏≤‡∏ß‡∏¥‡∏ó‡∏¢‡∏≤‡∏•‡∏±‡∏¢‡∏ä‡∏∑‡πà‡∏≠‡∏î‡∏±‡∏á‡∏Ç‡∏≠‡∏á‡∏à‡∏µ‡∏ô,‡∏ä‡πà‡∏ß‡∏á‡πÄ‡∏ß‡∏•‡∏≤‡∏Å‡∏≤‡∏£‡∏£‡∏±‡∏ö‡∏™‡∏°‡∏±‡∏Ñ‡∏£ 1-2 ‡πÄ‡∏î‡∏∑‡∏≠‡∏ô‡∏Å‡πà‡∏≠‡∏ô‡πÄ‡∏î‡∏¥‡∏ô‡∏ó‡∏≤‡∏á ‡∏ß‡∏±‡∏ô‡πÅ‡∏•‡∏∞‡πÄ‡∏ß‡∏•‡∏≤‡πÄ‡∏î‡∏¥‡∏ô‡∏ó‡∏≤‡∏á‡∏™‡∏≠‡∏ö‡∏ñ‡∏≤‡∏°‡∏Å‡∏±‡∏ö‡∏ó‡∏≤‡∏á‡∏ö‡∏£‡∏¥‡∏©‡∏±‡∏ó‡∏≠‡∏µ‡∏Å‡∏Ñ‡∏£‡∏±‡πâ‡∏á,,Harbin Institute of Technology,https://drive.google.com/drive/u/0/folders/1TkICqeoXySDX00MxmkHGxixJYfQTqcLm,‡πÄ‡∏î‡∏¥‡∏ô‡∏ó‡∏≤‡∏á ‡∏°‡∏µ‡∏ô‡∏≤‡∏Ñ‡∏°‡πÅ‡∏•‡∏∞‡∏Å‡∏±‡∏ô‡∏¢‡∏≤‡∏¢‡∏ô,https://drive.google.com/file/d/1QKpKLTHorMifDpMoM8ZnDHEpduMo71mz/view?usp=drivesdk,
5,HIT1M2025,"‡πÄ‡∏£‡∏µ‡∏¢‡∏ô‡∏à‡∏µ‡∏ô 1 ‡πÄ‡∏î‡∏∑‡∏≠‡∏ô Harbin Institute of technology""","Harbin, China ",30 Days,"‡∏´‡πâ‡∏≠‡∏á‡∏Ñ‡∏π‡πà 49,990",‡πÇ‡∏Ñ‡∏£‡∏á‡∏Å‡∏≤‡∏£‡πÄ‡∏£‡∏µ‡∏¢‡∏ô‡∏ï‡πà‡∏≠‡∏†‡∏≤‡∏©‡∏≤‡∏à‡∏µ‡∏ô‡∏Å‡∏±‡∏ö ‡∏°‡∏´‡∏≤‡∏ß‡∏¥‡∏ó‡∏¢‡∏≤‡∏•‡∏±‡∏¢‡πÄ‡∏ó‡∏Ñ‡πÇ‡∏ô‡πÇ‡∏•‡∏¢‡∏µ‡∏Æ‡∏≤‡∏£‡πå‡∏ö‡∏¥‡∏ô ‡∏´‡∏ô‡∏∂‡πà‡∏á‡πÉ‡∏ô‡∏°‡∏´‡∏≤‡∏ß‡∏¥‡∏ó‡∏¢‡∏≤‡∏•‡∏±‡∏¢‡∏ä‡∏±‡πâ‡∏ô‡∏ô‡∏≥‡∏Ç‡∏≠‡∏á‡∏õ‡∏£‡∏∞‡πÄ‡∏ó‡∏®‡∏à‡∏µ‡∏ô ‡∏°‡∏µ‡∏ä‡∏∑‡πà‡∏≠‡πÄ‡∏™‡∏µ‡∏¢‡∏á‡πÉ‡∏ô‡∏î‡πâ‡∏≤‡∏ô‡∏Å‡∏≤‡∏£‡∏ß‡∏¥‡∏à‡∏±‡∏¢‡πÅ‡∏•‡∏∞‡∏Å‡∏≤‡∏£‡∏®‡∏∂‡∏Å‡∏©‡∏≤‡πÉ‡∏ô‡∏™‡∏≤‡∏Ç‡∏≤‡∏ß‡∏¥‡∏ó‡∏¢‡∏≤‡∏®‡∏≤‡∏™‡∏ï‡∏£‡πå‡πÅ‡∏•‡∏∞‡πÄ‡∏ó‡∏Ñ‡πÇ‡∏ô‡πÇ‡∏•‡∏¢‡∏µ ‡∏Å‡πà‡∏≠‡∏ï‡∏±‡πâ‡∏á‡∏Ç‡∏∂‡πâ‡∏ô‡πÉ‡∏ô‡∏õ‡∏µ 1920 ‡πÅ‡∏•‡∏∞‡πÄ‡∏õ‡πá‡∏ô‡∏´‡∏ô‡∏∂‡πà‡∏á‡πÉ‡∏ô‡∏°‡∏´‡∏≤‡∏ß‡∏¥‡∏ó‡∏¢‡∏≤‡∏•‡∏±‡∏¢‡∏Å‡∏•‡∏∏‡πà‡∏° C9 League ‡∏î‡πâ‡∏ß‡∏¢‡∏Å‡∏≤‡∏£‡πÄ‡∏£‡∏µ‡∏¢‡∏ô‡∏Å‡∏≤‡∏£‡∏™‡∏≠‡∏ô‡πÄ‡∏õ‡πá‡∏ô‡πÅ‡∏ö‡∏ö‡∏Å‡∏≤‡∏£‡∏û‡∏π‡∏î ‡∏ü‡∏±‡∏á ‡∏≠‡πà‡∏≤‡∏ô ‡πÅ‡∏•‡∏∞‡∏Å‡∏≤‡∏£‡πÄ‡∏Ç‡∏µ‡∏¢‡∏ô  ‡∏û‡∏£‡πâ‡∏≠‡∏°‡πÄ‡∏õ‡∏¥‡∏î‡∏õ‡∏£‡∏∞‡∏™‡∏ö‡∏Å‡∏≤‡∏£‡∏ì‡πå‡πÄ‡∏£‡∏µ‡∏¢‡∏ô‡∏°‡∏´‡∏≤‡∏ß‡∏¥‡∏ó‡∏¢‡∏≤‡∏•‡∏±‡∏¢‡∏î‡∏±‡∏á Top 10 ‡∏Ç‡∏≠‡∏á‡∏õ‡∏£‡∏∞‡πÄ‡∏ó‡∏®‡∏à‡∏µ‡∏ô Harbin Institute of Technology ‡∏°‡∏´‡∏≤‡∏ß‡∏¥‡∏ó‡∏¢‡∏≤‡∏•‡∏±‡∏¢‡∏ä‡∏∑‡πà‡∏≠‡∏î‡∏±‡∏á‡∏Ç‡∏≠‡∏á‡∏à‡∏µ‡∏ô,‡∏ä‡πà‡∏ß‡∏á‡πÄ‡∏ß‡∏•‡∏≤‡∏Å‡∏≤‡∏£‡∏£‡∏±‡∏ö‡∏™‡∏°‡∏±‡∏Ñ‡∏£ 1-2 ‡πÄ‡∏î‡∏∑‡∏≠‡∏ô‡∏Å‡πà‡∏≠‡∏ô‡πÄ‡∏î‡∏¥‡∏ô‡∏ó‡∏≤‡∏á ‡∏ß‡∏±‡∏ô‡πÅ‡∏•‡∏∞‡πÄ‡∏ß‡∏•‡∏≤‡πÄ‡∏î‡∏¥‡∏ô‡∏ó‡∏≤‡∏á‡∏™‡∏≠‡∏ö‡∏ñ‡∏≤‡∏°‡∏Å‡∏±‡∏ö‡∏ó‡∏≤‡∏á‡∏ö‡∏£‡∏¥‡∏©‡∏±‡∏ó‡∏≠‡∏µ‡∏Å‡∏Ñ‡∏£‡∏±‡πâ‡∏á,,Harbin Institute of Technology,https://drive.google.com/drive/u/0/folders/1TkICqeoXySDX00MxmkHGxixJYfQTqcLm,‡πÄ‡∏î‡∏¥‡∏ô‡∏ó‡∏≤‡∏á ‡∏°‡∏µ‡∏ô‡∏≤‡∏Ñ‡∏°‡πÅ‡∏•‡∏∞‡∏Å‡∏±‡∏ô‡∏¢‡∏≤‡∏¢‡∏ô,https://drive.google.com/file/d/1eza5RrOHM98S1QALrPPzMr4i4Oi8vljn/view?usp=drivesdk,‡∏´‡∏ô‡∏π‡πÑ‡∏õ‡πÄ‡∏õ‡πá‡∏ô‡πÄ‡∏î‡πá‡∏Å‡∏Ñ‡∏≠‡∏£‡πå‡∏™ 1 ‡πÄ‡∏î‡∏∑‡∏≠‡∏ô‡∏Ñ‡πà‡∏∞ ‡πÄ‡∏õ‡πá‡∏ô‡∏Å‡∏≤‡∏£‡πÄ‡∏£‡∏µ‡∏¢‡∏ô‡πÅ‡∏ö‡∏ö‡∏û‡∏∑‡πâ‡∏ô‡∏ê‡∏≤‡∏ô ‡πÅ‡∏ï‡πà‡∏û‡∏ß‡∏Å‡∏´‡∏ô‡∏π‡∏°‡∏µ‡∏û‡∏∑‡πâ‡∏ô‡∏ê‡∏≤‡∏ô‡∏≠‡∏¢‡∏π‡πà‡πÅ‡∏•‡πâ‡∏ß ‡∏Å‡πá‡∏™‡∏≤‡∏°‡∏≤‡∏£‡∏ñ‡∏ö‡∏≠‡∏Å‡πÄ‡∏´‡∏•‡πà‡∏≤‡∏ä‡∏∑‡∏≠‡πÑ‡∏î‡πâ ‡πÄ‡∏´‡∏•‡πà‡∏≤‡∏ä‡∏∑‡∏≠‡∏à‡∏∞‡∏õ‡∏£‡∏±‡∏ö‡∏Å‡∏≤‡∏£‡∏™‡∏≠‡∏ô‡πÉ‡∏´‡πâ‡πÄ‡∏Ç‡πâ‡∏≤‡∏Å‡∏±‡∏ö‡∏û‡∏∑‡πâ‡∏ô‡∏ê‡∏≤‡∏ô‡∏Ç‡∏≠‡∏á‡πÄ‡∏£‡∏≤ ‡∏û‡∏µ‡πà‡πÜ‡∏ó‡∏≤‡∏á‡πÇ‡∏Ñ‡∏£‡∏á‡∏Å‡∏≤‡∏£‡πÉ‡∏´‡πâ‡∏Ñ‡∏≥‡∏õ‡∏£‡∏∂‡∏Å‡∏©‡∏≤‡∏ï‡∏•‡∏≠‡∏î‡∏Ñ‡πà‡∏∞ ‡πÑ‡∏°‡πà‡∏ß‡πà‡∏≤‡∏à‡∏∞‡πÄ‡∏õ‡πá‡∏ô‡πÄ‡∏£‡∏∑‡πà‡∏≠‡∏á‡πÄ‡∏£‡∏µ‡∏¢‡∏ô ‡πÄ‡∏£‡∏∑‡πà‡∏≠‡∏á‡∏Å‡∏≤‡∏£‡∏ó‡πà‡∏≠‡∏á‡πÄ‡∏ó‡∏µ‡πà‡∏¢‡∏ß ‡πÄ‡∏£‡∏∑‡πà‡∏≠‡∏á‡∏ó‡∏µ‡πà‡∏û‡∏±‡∏Å ‡∏™‡∏†‡∏≤‡∏û‡πÅ‡∏ß‡∏î‡∏•‡πâ‡∏≠‡∏°‡∏ó‡∏µ‡πà‡∏Æ‡∏≤‡∏£‡πå‡∏ö‡∏¥‡∏ô‡πÑ‡∏°‡πà‡∏Ñ‡πà‡∏≠‡∏¢‡∏ß‡∏∏‡πà‡∏ô‡∏ß‡∏≤‡∏¢‡∏Ñ‡πà‡∏∞ ‡πÑ‡∏°‡πà‡∏≠‡∏±‡∏ô‡∏ï‡∏£‡∏≤‡∏¢ ‡∏£‡∏ñ‡∏™‡∏≤‡∏ò‡∏≤‡∏£‡∏ì‡∏∞‡∏£‡∏≤‡∏Ñ‡∏≤‡πÑ‡∏°‡πà‡πÅ‡∏û‡∏á ‡πÄ‡∏õ‡πá‡∏ô‡πÄ‡∏°‡∏∑‡∏≠‡∏á‡∏ó‡∏µ‡πà‡πÉ‡∏ä‡πâ‡∏ä‡∏µ‡∏ß‡∏¥‡∏ï‡∏á‡πà‡∏≤‡∏¢
6,HIT2M2025,"‡πÄ‡∏£‡∏µ‡∏¢‡∏ô‡∏à‡∏µ‡∏ô 2 ‡πÄ‡∏î‡∏∑‡∏≠‡∏ô Harbin Institute of technology""","Harbin, China ",60 Days,"‡∏´‡πâ‡∏≠‡∏á‡∏Ñ‡∏π‡πà 55,990",‡πÇ‡∏Ñ‡∏£‡∏á‡∏Å‡∏≤‡∏£‡πÄ‡∏£‡∏µ‡∏¢‡∏ô‡∏ï‡πà‡∏≠‡∏†‡∏≤‡∏©‡∏≤‡∏à‡∏µ‡∏ô‡∏Å‡∏±‡∏ö ‡∏°‡∏´‡∏≤‡∏ß‡∏¥‡∏ó‡∏¢‡∏≤‡∏•‡∏±‡∏¢‡πÄ‡∏ó‡∏Ñ‡πÇ‡∏ô‡πÇ‡∏•‡∏¢‡∏µ‡∏Æ‡∏≤‡∏£‡πå‡∏ö‡∏¥‡∏ô ‡∏´‡∏ô‡∏∂‡πà‡∏á‡πÉ‡∏ô‡∏°‡∏´‡∏≤‡∏ß‡∏¥‡∏ó‡∏¢‡∏≤‡∏•‡∏±‡∏¢‡∏ä‡∏±‡πâ‡∏ô‡∏ô‡∏≥‡∏Ç‡∏≠‡∏á‡∏õ‡∏£‡∏∞‡πÄ‡∏ó‡∏®‡∏à‡∏µ‡∏ô ‡∏°‡∏µ‡∏ä‡∏∑‡πà‡∏≠‡πÄ‡∏™‡∏µ‡∏¢‡∏á‡πÉ‡∏ô‡∏î‡πâ‡∏≤‡∏ô‡∏Å‡∏≤‡∏£‡∏ß‡∏¥‡∏à‡∏±‡∏¢‡πÅ‡∏•‡∏∞‡∏Å‡∏≤‡∏£‡∏®‡∏∂‡∏Å‡∏©‡∏≤‡πÉ‡∏ô‡∏™‡∏≤‡∏Ç‡∏≤‡∏ß‡∏¥‡∏ó‡∏¢‡∏≤‡∏®‡∏≤‡∏™‡∏ï‡∏£‡πå‡πÅ‡∏•‡∏∞‡πÄ‡∏ó‡∏Ñ‡πÇ‡∏ô‡πÇ‡∏•‡∏¢‡∏µ ‡∏Å‡πà‡∏≠‡∏ï‡∏±‡πâ‡∏á‡∏Ç‡∏∂‡πâ‡∏ô‡πÉ‡∏ô‡∏õ‡∏µ 1920 ‡πÅ‡∏•‡∏∞‡πÄ‡∏õ‡πá‡∏ô‡∏´‡∏ô‡∏∂‡πà‡∏á‡πÉ‡∏ô‡∏°‡∏´‡∏≤‡∏ß‡∏¥‡∏ó‡∏¢‡∏≤‡∏•‡∏±‡∏¢‡∏Å‡∏•‡∏∏‡πà‡∏° C9 League ‡∏î‡πâ‡∏ß‡∏¢‡∏Å‡∏≤‡∏£‡πÄ‡∏£‡∏µ‡∏¢‡∏ô‡∏Å‡∏≤‡∏£‡∏™‡∏≠‡∏ô‡πÄ‡∏õ‡πá‡∏ô‡πÅ‡∏ö‡∏ö‡∏Å‡∏≤‡∏£‡∏û‡∏π‡∏î ‡∏ü‡∏±‡∏á ‡∏≠‡πà‡∏≤‡∏ô ‡πÅ‡∏•‡∏∞‡∏Å‡∏≤‡∏£‡πÄ‡∏Ç‡∏µ‡∏¢‡∏ô  ‡∏û‡∏£‡πâ‡∏≠‡∏°‡πÄ‡∏õ‡∏¥‡∏î‡∏õ‡∏£‡∏∞‡∏™‡∏ö‡∏Å‡∏≤‡∏£‡∏ì‡πå‡πÄ‡∏£‡∏µ‡∏¢‡∏ô‡∏°‡∏´‡∏≤‡∏ß‡∏¥‡∏ó‡∏¢‡∏≤‡∏•‡∏±‡∏¢‡∏î‡∏±‡∏á Top 10 ‡∏Ç‡∏≠‡∏á‡∏õ‡∏£‡∏∞‡πÄ‡∏ó‡∏®‡∏à‡∏µ‡∏ô Harbin Institute of Technology ‡∏°‡∏´‡∏≤‡∏ß‡∏¥‡∏ó‡∏¢‡∏≤‡∏•‡∏±‡∏¢‡∏ä‡∏∑‡πà‡∏≠‡∏î‡∏±‡∏á‡∏Ç‡∏≠‡∏á‡∏à‡∏µ‡∏ô,‡∏ä‡πà‡∏ß‡∏á‡πÄ‡∏ß‡∏•‡∏≤‡∏Å‡∏≤‡∏£‡∏£‡∏±‡∏ö‡∏™‡∏°‡∏±‡∏Ñ‡∏£ 1-2 ‡πÄ‡∏î‡∏∑‡∏≠‡∏ô‡∏Å‡πà‡∏≠‡∏ô‡πÄ‡∏î‡∏¥‡∏ô‡∏ó‡∏≤‡∏á ‡∏ß‡∏±‡∏ô‡πÅ‡∏•‡∏∞‡πÄ‡∏ß‡∏•‡∏≤‡πÄ‡∏î‡∏¥‡∏ô‡∏ó‡∏≤‡∏á‡∏™‡∏≠‡∏ö‡∏ñ‡∏≤‡∏°‡∏Å‡∏±‡∏ö‡∏ó‡∏≤‡∏á‡∏ö‡∏£‡∏¥‡∏©‡∏±‡∏ó‡∏≠‡∏µ‡∏Å‡∏Ñ‡∏£‡∏±‡πâ‡∏á,,Harbin Institute of Technology,https://drive.google.com/drive/u/0/folders/1TkICqeoXySDX00MxmkHGxixJYfQTqcLm,‡πÄ‡∏î‡∏¥‡∏ô‡∏ó‡∏≤‡∏á ‡∏°‡∏µ‡∏ô‡∏≤‡∏Ñ‡∏°‡πÅ‡∏•‡∏∞‡∏Å‡∏±‡∏ô‡∏¢‡∏≤‡∏¢‡∏ô,https://drive.google.com/file/d/1TKJLrw8YyABhQmJkUpfkEdXVjo61Of4E/view?usp=share_link,‡πÑ‡∏õ‡∏à‡∏µ‡∏ô‡∏Ñ‡∏£‡∏±‡πâ‡∏á‡∏ô‡∏µ‡πâ‡∏™‡∏ô‡∏∏‡∏Å‡∏°‡∏≤‡∏Å‡∏Å‡∏Å ‡πÄ‡∏û‡∏∑‡πà‡∏≠‡∏ô‡∏ó‡∏∏‡∏Å‡∏Ñ‡∏ô‡∏ä‡πà‡∏ß‡∏¢‡∏Å‡∏±‡∏ô‡πÄ‡∏£‡∏µ‡∏¢‡∏ô ‡πÄ‡∏´‡∏•‡πà‡∏≤‡∏ã‡∏∑‡∏≠‡∏ô‡πà‡∏≤‡∏£‡∏±‡∏Å‡∏ó‡∏∏‡∏Å‡∏Ñ‡∏ô‡πÄ‡∏•‡∏¢ ‡πÉ‡∏à‡∏î‡∏µ‡∏°‡∏≤‡∏Å ‡πÜ ‡πÄ‡∏´‡∏•‡πà‡∏≤‡∏ã‡∏∑‡∏≠‡∏™‡∏≠‡∏ô‡πÅ‡∏•‡πâ‡∏ß‡∏≠‡∏ò‡∏¥‡∏ö‡∏≤‡∏¢‡πÅ‡∏•‡∏∞‡πÅ‡∏ï‡∏Å‡∏Ñ‡∏≥‡∏®‡∏±‡∏û‡∏ó‡πå‡πÄ‡∏¢‡∏≠‡∏∞‡∏°‡∏≤‡∏Å ‡πÜ ‡πÑ‡∏î‡πâ‡∏Ñ‡∏ß‡∏≤‡∏°‡∏£‡∏π‡πâ‡πÄ‡∏ï‡πá‡∏° ‡πÜ ‡∏ß‡∏¥‡∏ä‡∏≤‡∏ß‡∏±‡∏í‡∏ô‡∏ò‡∏£‡∏£‡∏°‡∏à‡∏µ‡∏ô‡∏Å‡πá‡∏™‡∏ô‡∏∏‡∏Å‡∏°‡∏≤‡∏Å‡∏Ñ‡πà‡∏∞ ‡∏Å‡∏¥‡∏ô‡∏≠‡∏≤‡∏´‡∏≤‡∏£‡∏ó‡πâ‡∏≠‡∏á‡∏ñ‡∏¥‡πà‡∏ô‡πÅ‡∏•‡∏∞‡πÄ‡∏£‡∏µ‡∏¢‡∏ô‡∏î‡∏ô‡∏ï‡∏£‡∏µ‡∏à‡∏µ‡∏ô ‡πÑ‡∏î‡πâ‡πÄ‡∏û‡∏∑‡πà‡∏≠‡∏ô‡πÄ‡∏û‡∏¥‡πà‡∏°‡πÄ‡∏¢‡∏≠‡∏∞‡πÄ‡∏•‡∏¢ ‡∏Ñ‡∏ô‡∏à‡∏µ‡∏ô‡πÉ‡∏à‡∏î‡∏µ‡∏Å‡∏±‡∏ö‡πÄ‡∏£‡∏≤‡∏°‡∏≤‡∏Å‡∏Ñ‡πà‡∏∞ ‡πÅ‡∏•‡∏∞‡∏û‡∏µ‡πà ‡πÜ ‡πÉ‡∏ô‡πÇ‡∏Ñ‡∏£‡∏á‡∏Å‡∏≤‡∏£‡∏Ñ‡∏≠‡∏¢‡∏ä‡πà‡∏ß‡∏¢‡πÄ‡∏´‡∏•‡∏∑‡∏≠‡πÅ‡∏•‡∏∞‡∏î‡∏π‡πÅ‡∏•‡∏ï‡∏•‡∏≠‡∏î‡πÄ‡∏•‡∏¢‡∏Ñ‡πà‡∏∞ ‡πÄ‡∏õ‡πá‡∏ô‡πÇ‡∏Ñ‡∏£‡∏á‡∏Å‡∏≤‡∏£‡∏ó‡∏µ‡πà‡∏≠‡∏ö‡∏≠‡∏∏‡πà‡∏ô‡∏°‡∏≤‡∏Å‡∏Ñ‡πà‡∏∞
7,HIT3M2025,‡πÄ‡∏£‡∏µ‡∏¢‡∏ô‡∏à‡∏µ‡∏ô 3 ‡πÄ‡∏î‡∏∑‡∏≠‡∏ô Harbin Institute of technology,"Harbin, China ",90 Days,"‡∏´‡πâ‡∏≠‡∏á‡∏Ñ‡∏π‡πà 79,990",‡πÇ‡∏Ñ‡∏£‡∏á‡∏Å‡∏≤‡∏£‡πÄ‡∏£‡∏µ‡∏¢‡∏ô‡∏ï‡πà‡∏≠‡∏†‡∏≤‡∏©‡∏≤‡∏à‡∏µ‡∏ô‡∏Å‡∏±‡∏ö ‡∏°‡∏´‡∏≤‡∏ß‡∏¥‡∏ó‡∏¢‡∏≤‡∏•‡∏±‡∏¢‡πÄ‡∏ó‡∏Ñ‡πÇ‡∏ô‡πÇ‡∏•‡∏¢‡∏µ‡∏Æ‡∏≤‡∏£‡πå‡∏ö‡∏¥‡∏ô ‡∏´‡∏ô‡∏∂‡πà‡∏á‡πÉ‡∏ô‡∏°‡∏´‡∏≤‡∏ß‡∏¥‡∏ó‡∏¢‡∏≤‡∏•‡∏±‡∏¢‡∏ä‡∏±‡πâ‡∏ô‡∏ô‡∏≥‡∏Ç‡∏≠‡∏á‡∏õ‡∏£‡∏∞‡πÄ‡∏ó‡∏®‡∏à‡∏µ‡∏ô ‡∏°‡∏µ‡∏ä‡∏∑‡πà‡∏≠‡πÄ‡∏™‡∏µ‡∏¢‡∏á‡πÉ‡∏ô‡∏î‡πâ‡∏≤‡∏ô‡∏Å‡∏≤‡∏£‡∏ß‡∏¥‡∏à‡∏±‡∏¢‡πÅ‡∏•‡∏∞‡∏Å‡∏≤‡∏£‡∏®‡∏∂‡∏Å‡∏©‡∏≤‡πÉ‡∏ô‡∏™‡∏≤‡∏Ç‡∏≤‡∏ß‡∏¥‡∏ó‡∏¢‡∏≤‡∏®‡∏≤‡∏™‡∏ï‡∏£‡πå‡πÅ‡∏•‡∏∞‡πÄ‡∏ó‡∏Ñ‡πÇ‡∏ô‡πÇ‡∏•‡∏¢‡∏µ ‡∏Å‡πà‡∏≠‡∏ï‡∏±‡πâ‡∏á‡∏Ç‡∏∂‡πâ‡∏ô‡πÉ‡∏ô‡∏õ‡∏µ 1920 ‡πÅ‡∏•‡∏∞‡πÄ‡∏õ‡πá‡∏ô‡∏´‡∏ô‡∏∂‡πà‡∏á‡πÉ‡∏ô‡∏°‡∏´‡∏≤‡∏ß‡∏¥‡∏ó‡∏¢‡∏≤‡∏•‡∏±‡∏¢‡∏Å‡∏•‡∏∏‡πà‡∏° C9 League ‡∏î‡πâ‡∏ß‡∏¢‡∏Å‡∏≤‡∏£‡πÄ‡∏£‡∏µ‡∏¢‡∏ô‡∏Å‡∏≤‡∏£‡∏™‡∏≠‡∏ô‡πÄ‡∏õ‡πá‡∏ô‡πÅ‡∏ö‡∏ö‡∏Å‡∏≤‡∏£‡∏û‡∏π‡∏î ‡∏ü‡∏±‡∏á ‡∏≠‡πà‡∏≤‡∏ô ‡πÅ‡∏•‡∏∞‡∏Å‡∏≤‡∏£‡πÄ‡∏Ç‡∏µ‡∏¢‡∏ô  ‡∏û‡∏£‡πâ‡∏≠‡∏°‡πÄ‡∏õ‡∏¥‡∏î‡∏õ‡∏£‡∏∞‡∏™‡∏ö‡∏Å‡∏≤‡∏£‡∏ì‡πå‡πÄ‡∏£‡∏µ‡∏¢‡∏ô‡∏°‡∏´‡∏≤‡∏ß‡∏¥‡∏ó‡∏¢‡∏≤‡∏•‡∏±‡∏¢‡∏î‡∏±‡∏á Top 10 ‡∏Ç‡∏≠‡∏á‡∏õ‡∏£‡∏∞‡πÄ‡∏ó‡∏®‡∏à‡∏µ‡∏ô Harbin Institute of Technology ‡∏°‡∏´‡∏≤‡∏ß‡∏¥‡∏ó‡∏¢‡∏≤‡∏•‡∏±‡∏¢‡∏ä‡∏∑‡πà‡∏≠‡∏î‡∏±‡∏á‡∏Ç‡∏≠‡∏á‡∏à‡∏µ‡∏ô,‡∏ä‡πà‡∏ß‡∏á‡πÄ‡∏ß‡∏•‡∏≤‡∏Å‡∏≤‡∏£‡∏£‡∏±‡∏ö‡∏™‡∏°‡∏±‡∏Ñ‡∏£ 1-2 ‡πÄ‡∏î‡∏∑‡∏≠‡∏ô‡∏Å‡πà‡∏≠‡∏ô‡πÄ‡∏î‡∏¥‡∏ô‡∏ó‡∏≤‡∏á ‡∏ß‡∏±‡∏ô‡πÅ‡∏•‡∏∞‡πÄ‡∏ß‡∏•‡∏≤‡πÄ‡∏î‡∏¥‡∏ô‡∏ó‡∏≤‡∏á‡∏™‡∏≠‡∏ö‡∏ñ‡∏≤‡∏°‡∏Å‡∏±‡∏ö‡∏ó‡∏≤‡∏á‡∏ö‡∏£‡∏¥‡∏©‡∏±‡∏ó‡∏≠‡∏µ‡∏Å‡∏Ñ‡∏£‡∏±‡πâ‡∏á,,Harbin Institute of Technology,https://drive.google.com/drive/u/0/folders/1TkICqeoXySDX00MxmkHGxixJYfQTqcLm,‡πÄ‡∏î‡∏¥‡∏ô‡∏ó‡∏≤‡∏á ‡∏°‡∏µ‡∏ô‡∏≤‡∏Ñ‡∏°‡πÅ‡∏•‡∏∞‡∏Å‡∏±‡∏ô‡∏¢‡∏≤‡∏¢‡∏ô,https://drive.google.com/file/d/1IwB6w_L1f_sE5pEVlf2cscegSW2JvXB7/view?usp=sharing,‡∏´‡∏ô‡∏π‡πÑ‡∏õ‡πÄ‡∏£‡∏µ‡∏¢‡∏ô 3 ‡πÄ‡∏î‡∏∑‡∏≠‡∏ô‡∏Ñ‡πà‡∏∞ ‡πÄ‡∏£‡∏∑‡πà‡∏≠‡∏á‡∏Å‡∏≤‡∏£‡πÄ‡∏£‡∏µ‡∏¢‡∏ô‡∏£‡∏π‡πâ‡∏™‡∏∂‡∏Å‡∏ß‡πà‡∏≤‡∏Å‡∏≤‡∏£‡πÄ‡∏£‡∏µ‡∏¢‡∏ô‡∏Å‡∏≤‡∏£‡∏™‡∏≠‡∏ô‡πÇ‡∏≠‡πÄ‡∏Ñ‡∏î‡∏µ ‡πÄ‡∏´‡∏•‡πà‡∏≤‡∏ã‡∏∑‡∏≠‡πÅ‡∏ï‡πà‡∏•‡∏∞‡∏Ñ‡∏ô‡∏ó‡∏µ‡πà‡∏™‡∏≠‡∏ô‡πÉ‡∏à‡∏î‡∏µ‡∏°‡∏≤‡∏Å‡πÜ‡∏Ñ‡πà‡∏∞ ‡πÉ‡∏à‡∏î‡∏µ‡πÅ‡∏ö‡∏ö‡πÉ‡∏à‡∏î‡∏µ‡∏à‡∏£‡∏¥‡∏á‡πÜ ‡∏°‡∏µ‡πÄ‡∏£‡∏µ‡∏¢‡∏ô‡∏ó‡∏±‡πâ‡∏á‡∏†‡∏≤‡∏Ñ‡πÄ‡∏ä‡πâ‡∏≤‡πÅ‡∏•‡∏∞‡∏ö‡πà‡∏≤‡∏¢‡πÅ‡∏•‡∏∞‡πÑ‡∏î‡πâ‡πÄ‡∏£‡∏µ‡∏¢‡∏ô‡∏ß‡∏±‡∏í‡∏ô‡∏ò‡∏£‡∏£‡∏°‡∏î‡πâ‡∏ß‡∏¢‡∏Ñ‡πà‡∏∞ ‡πÄ‡∏´‡∏•‡πà‡∏≤‡∏ã‡∏∑‡∏≠‡∏î‡∏π‡πÅ‡∏•‡πÄ‡∏≠‡∏≤‡πÉ‡∏à‡πÉ‡∏™‡πà‡∏î‡∏µ‡∏°‡∏≤‡∏Å‡πÜ‡∏Ñ‡πà‡∏∞ ‡∏™‡πà‡∏ß‡∏ô‡πÄ‡∏£‡∏∑‡πà‡∏≠‡∏á‡πÇ‡∏Ñ‡∏£‡∏á‡∏Å‡∏≤‡∏£ ‡πÇ‡∏Ñ‡∏£‡∏á‡∏Å‡∏≤‡∏£‡∏î‡∏π‡πÅ‡∏•‡∏î‡∏µ‡∏Ñ‡πà‡∏∞ ‡∏û‡∏£‡πâ‡∏≠‡∏°‡∏ä‡πà‡∏ß‡∏¢‡πÄ‡∏´‡∏•‡∏∑‡∏≠‡∏ï‡∏•‡∏≠‡∏î ‡∏õ‡∏£‡∏∂‡∏Å‡∏©‡∏≤‡πÑ‡∏î‡πâ‡∏ï‡∏•‡∏≠‡∏î‡πÄ‡∏ß‡∏•‡∏≤
8,HITJULY2025,‡πÄ‡∏£‡∏µ‡∏¢‡∏ô‡∏à‡∏µ‡∏ô ‡πÄ‡∏ó‡∏µ‡πà‡∏¢‡∏ß‡∏à‡∏µ‡∏ô ‡πÄ‡∏î‡∏∑‡∏≠‡∏ô‡∏Å‡∏£‡∏Å‡∏é‡∏≤‡∏Ñ‡∏° Harbin Institute of technology,"Harbin, China ",27 Days,"‡∏´‡πâ‡∏≠‡∏á‡∏Ñ‡∏π‡πà 53,990",‡πÄ‡∏£‡∏µ‡∏¢‡∏ô‡∏†‡∏≤‡∏©‡∏≤‡∏à‡∏µ‡∏ô‡∏Å‡∏±‡∏ö‡∏°‡∏´‡∏≤‡∏ß‡∏¥‡∏ó‡∏¢‡∏≤‡∏•‡∏±‡∏¢ HIT ‡∏û‡∏£‡πâ‡∏≠‡∏°‡∏Å‡∏≤‡∏£‡πÄ‡∏£‡∏µ‡∏¢‡∏ô‡∏Å‡∏≤‡∏£‡∏™‡∏≠‡∏ô‡πÅ‡∏ö‡∏ö ‡∏û‡∏π‡∏î ‡∏ü‡∏±‡∏á ‡∏≠‡πà‡∏≤‡∏ô ‡πÅ‡∏•‡∏∞‡πÄ‡∏Ç‡∏µ‡∏¢‡∏ô ‡∏û‡∏£‡πâ‡∏≠‡∏°‡πÄ‡∏õ‡∏¥‡∏î‡∏õ‡∏£‡∏∞‡∏™‡∏ö‡∏Å‡∏≤‡∏£‡∏ì‡πå‡πÄ‡∏ó‡∏µ‡πà‡∏¢‡∏ß‡∏™‡∏ñ‡∏≤‡∏ô‡∏ó‡∏µ‡πà‡∏î‡∏±‡∏á‡πÄ‡∏°‡∏∑‡∏≠‡∏á‡∏Æ‡∏≤‡∏£‡πå‡∏ö‡∏¥‡∏ô ‡∏ä‡∏°‡πÄ‡∏°‡∏∑‡∏≠‡∏á‡∏´‡∏¥‡∏°‡∏∞‡πÄ‡∏°‡∏∑‡∏≠‡∏á‡∏´‡∏ô‡∏≤‡∏ß ‡∏â‡∏•‡∏≠‡∏á‡∏õ‡∏µ‡πÉ‡∏´‡∏°‡πà‡∏Å‡∏±‡∏ö‡πÄ‡∏°‡∏∑‡∏≠‡∏á‡∏´‡∏¥‡∏°‡∏∞ ‚Äì ‡πÅ‡∏°‡πà‡∏ô‡πâ‡∏≥‡∏ã‡∏á‡∏Æ‡∏ß‡∏≤‡πÄ‡∏à‡∏µ‡∏¢‡∏á ‚Äì ‡∏ñ‡∏ô‡∏ô‡∏Ñ‡∏ô‡πÄ‡∏î‡∏¥‡∏ô‡∏à‡∏á‡∏´‡∏¢‡∏≤‡∏á ‚Äì ‡πÄ‡∏°‡∏∑‡∏≠‡∏á‡πÄ‡∏Å‡πà‡∏≤‡∏Æ‡∏≤‡∏£‡πå‡∏ö‡∏¥‡∏ô ‚Äì ‡∏™‡∏ß‡∏ô‡∏™‡∏≤‡∏ò‡∏≤‡∏£‡∏ì‡∏∞‡∏î‡∏ô‡∏ï‡∏£‡∏µ ‚Äì ‡∏ô‡∏±‡πà‡∏á‡∏Å‡∏£‡∏∞‡πÄ‡∏ä‡πâ‡∏≤‡∏Ç‡πâ‡∏≤‡∏°‡πÅ‡∏°‡πà‡∏ô‡πâ‡∏≥‡∏ã‡∏á‡∏´‡∏±‡∏ß ‚Äì ‡∏û‡∏¥‡∏û‡∏¥‡∏ò‡∏†‡∏±‡∏ì‡∏ë‡πå‡πÄ‡∏Æ‡∏¢‡∏´‡∏•‡∏á‡πÄ‡∏à‡∏µ‡∏¢‡∏á,Harbin Summer Camp in July 2025.pdf,,Harbin Institute of Technology,https://drive.google.com/drive/u/0/folders/1TkICqeoXySDX00MxmkHGxixJYfQTqcLm,,Harbin Summer Camp Banner.png,‡∏£‡∏π‡πâ‡∏™‡∏∂‡∏Å‡∏ß‡πà‡∏≤‡∏Ñ‡πà‡∏≠‡∏ô‡∏Ç‡πâ‡∏≤‡∏á‡∏™‡∏∞‡∏î‡∏ß‡∏Å‡πÉ‡∏ô‡∏£‡∏∞‡∏î‡∏±‡∏ö‡∏ô‡∏∂‡∏á‡πÄ‡∏•‡∏¢‡∏Ñ‡πà‡∏∞ ‡∏≠‡∏≤‡∏ö‡∏ô‡πâ‡∏≥‡∏≠‡∏∏‡πà‡∏ô‡∏™‡∏ö‡∏≤‡∏¢‡∏°‡∏≤‡∏Å‡∏û‡∏µ‡πà‡πÉ‡∏ô‡πÇ‡∏Ñ‡∏£‡∏á‡∏Å‡∏≤‡∏£‡∏Ñ‡∏∏‡∏¢‡∏á‡πà‡∏≤‡∏¢ ‡πÄ‡∏ü‡∏£‡∏ô‡∏î‡πå‡∏•‡∏µ‡πà‡∏°‡∏≤‡∏Å‡πÄ‡∏•‡∏¢‡∏Ñ‡πà‡∏∞ ‡∏Ñ‡∏∏‡∏¢‡∏î‡πâ‡∏ß‡∏¢‡πÅ‡∏•‡πâ‡∏ß‡∏™‡∏ö‡∏≤‡∏¢‡πÉ‡∏à ‡πÄ‡∏£‡∏µ‡∏¢‡∏ô‡πÑ‡∏°‡πà‡πÑ‡∏î‡πâ‡∏´‡∏ô‡∏±‡∏Å ‡πÄ‡∏´‡∏•‡πà‡∏≤‡∏ã‡∏∑‡∏≠‡πÉ‡∏à‡∏î‡∏µ‡∏Ñ‡πà‡∏∞!
9,HITWINTER2025,"""‡πÄ‡∏£‡∏µ‡∏¢‡∏ô‡∏à‡∏µ‡∏ô ‡πÄ‡∏ó‡∏µ‡πà‡∏¢‡∏ß‡∏à‡∏µ‡∏ô ‡∏ï‡∏∞‡∏•‡∏∏‡∏¢‡πÄ‡∏°‡∏∑‡∏≠‡∏á‡∏´‡∏¥‡∏°‡∏∞ (‡∏ò‡∏±‡∏ô‡∏ß‡∏≤‡∏Ñ‡∏°) Harbin Institute of technology","Harbin, China ",27 Days,"‡∏´‡πâ‡∏≠‡∏á‡∏Ñ‡∏π‡πà 55,900",‡πÄ‡∏£‡∏µ‡∏¢‡∏ô‡∏†‡∏≤‡∏©‡∏≤‡∏à‡∏µ‡∏ô‡∏Å‡∏±‡∏ö‡∏°‡∏´‡∏≤‡∏ß‡∏¥‡∏ó‡∏¢‡∏≤‡∏•‡∏±‡∏¢ HIT ‡∏û‡∏£‡πâ‡∏≠‡∏°‡∏Å‡∏≤‡∏£‡πÄ‡∏£‡∏µ‡∏¢‡∏ô‡∏Å‡∏≤‡∏£‡∏™‡∏≠‡∏ô‡πÅ‡∏ö‡∏ö ‡∏û‡∏π‡∏î ‡∏ü‡∏±‡∏á ‡∏≠‡πà‡∏≤‡∏ô ‡πÅ‡∏•‡∏∞‡πÄ‡∏Ç‡∏µ‡∏¢‡∏ô ‡∏û‡∏£‡πâ‡∏≠‡∏°‡πÄ‡∏õ‡∏¥‡∏î‡∏õ‡∏£‡∏∞‡∏™‡∏ö‡∏Å‡∏≤‡∏£‡∏ì‡πå‡πÄ‡∏ó‡∏µ‡πà‡∏¢‡∏ß‡∏™‡∏ñ‡∏≤‡∏ô‡∏ó‡∏µ‡πà‡∏î‡∏±‡∏á‡πÄ‡∏°‡∏∑‡∏≠‡∏á‡∏Æ‡∏≤‡∏£‡πå‡∏ö‡∏¥‡∏ô ‡∏ä‡∏°‡πÄ‡∏°‡∏∑‡∏≠‡∏á‡∏´‡∏¥‡∏°‡∏∞‡πÄ‡∏°‡∏∑‡∏≠‡∏á‡∏´‡∏ô‡∏≤‡∏ß ‡∏â‡∏•‡∏≠‡∏á‡∏õ‡∏µ‡πÉ‡∏´‡∏°‡πà‡∏Å‡∏±‡∏ö‡πÄ‡∏°‡∏∑‡∏≠‡∏á‡∏´‡∏¥‡∏°‡∏∞ ‚Äì ‡πÅ‡∏°‡πà‡∏ô‡πâ‡∏≥‡∏ã‡∏á‡∏Æ‡∏ß‡∏≤‡πÄ‡∏à‡∏µ‡∏¢‡∏á ‚Äì ‡∏ñ‡∏ô‡∏ô‡∏Ñ‡∏ô‡πÄ‡∏î‡∏¥‡∏ô‡∏à‡∏á‡∏´‡∏¢‡∏≤‡∏á ‚Äì ‡πÄ‡∏°‡∏∑‡∏≠‡∏á‡πÄ‡∏Å‡πà‡∏≤‡∏Æ‡∏≤‡∏£‡πå‡∏ö‡∏¥‡∏ô ‚Äì ‡∏™‡∏ß‡∏ô‡∏™‡∏≤‡∏ò‡∏≤‡∏£‡∏ì‡∏∞‡∏î‡∏ô‡∏ï‡∏£‡∏µ ‚Äì ‡∏ô‡∏±‡πà‡∏á‡∏Å‡∏£‡∏∞‡πÄ‡∏ä‡πâ‡∏≤‡∏Ç‡πâ‡∏≤‡∏°‡πÅ‡∏°‡πà‡∏ô‡πâ‡∏≥‡∏ã‡∏á‡∏´‡∏±‡∏ß ‚Äì ‡∏û‡∏¥‡∏û‡∏¥‡∏ò‡∏†‡∏±‡∏ì‡∏ë‡πå‡πÄ‡∏Æ‡∏¢‡∏´‡∏•‡∏á‡πÄ‡∏à‡∏µ‡∏¢‡∏á,https://drive.google.com/file/d/1qhXAPpOTOOKV8BzzVyEN_xbpF5mu_ZZC/view?usp=share_link,,Harbin Institute of Technology,https://drive.google.com/drive/u/0/folders/1TkICqeoXySDX00MxmkHGxixJYfQTqcLm,‡πÄ‡∏î‡∏¥‡∏ô‡∏ó‡∏≤‡∏á ‡∏°‡∏µ‡∏ô‡∏≤‡∏Ñ‡∏°‡πÅ‡∏•‡∏∞‡∏Å‡∏±‡∏ô‡∏¢‡∏≤‡∏¢‡∏ô,https://drive.google.com/file/d/1I9NDKXAKOEOxZnIJV02LvydaSdTEjiZt/view?usp=drivesdk,
10,HRBNU2W2025,"""‡πÄ‡∏£‡∏µ‡∏¢‡∏ô‡∏à‡∏µ‡∏ô 2 ‡∏™‡∏±‡∏õ‡∏î‡∏≤‡∏´‡πå Harbin Normal University""","Harbin, China ",14 Days,"‡∏´‡πâ‡∏≠‡∏á‡∏Ñ‡∏π‡πà 39,990 ‡∏´‡πâ‡∏≠‡∏á‡πÄ‡∏î‡∏µ‡πà‡∏¢‡∏ß 41,900",Harbin Normal University ‡∏°‡∏´‡∏≤‡∏ß‡∏¥‡∏ó‡∏¢‡∏≤‡∏•‡∏±‡∏¢‡πÉ‡∏à‡∏Å‡∏•‡∏≤‡∏á‡πÄ‡∏°‡∏∑‡∏≠‡∏á‡∏Æ‡∏≤‡∏£‡πå‡∏ö‡∏¥‡∏ô ‡πÄ‡∏õ‡πá‡∏ô‡∏°‡∏´‡∏≤‡∏ß‡∏¥‡∏ó‡∏¢‡∏≤‡∏•‡∏±‡∏¢‡∏ó‡∏µ‡πà‡∏°‡∏µ‡∏ä‡∏∑‡πà‡∏≠‡πÄ‡∏™‡∏µ‡∏¢‡∏á‡πÉ‡∏ô‡∏Æ‡∏≤‡∏£‡πå‡∏ö‡∏¥‡∏ô ‡∏õ‡∏£‡∏∞‡πÄ‡∏ó‡∏®‡∏à‡∏µ‡∏ô ‡∏°‡∏´‡∏≤‡∏ß‡∏¥‡∏ó‡∏¢‡∏≤‡∏•‡∏±‡∏¢‡∏ô‡∏µ‡πâ‡∏°‡∏µ‡∏ö‡∏ó‡∏ö‡∏≤‡∏ó‡∏™‡∏≥‡∏Ñ‡∏±‡∏ç‡πÉ‡∏ô‡∏Å‡∏≤‡∏£‡∏ú‡∏•‡∏¥‡∏ï‡∏Ñ‡∏£‡∏π‡πÅ‡∏•‡∏∞‡∏ö‡∏∏‡∏Ñ‡∏•‡∏≤‡∏Å‡∏£‡∏ó‡∏≤‡∏á‡∏Å‡∏≤‡∏£‡∏®‡∏∂‡∏Å‡∏©‡∏≤‡∏ó‡∏µ‡πà‡∏°‡∏µ‡∏Ñ‡∏∏‡∏ì‡∏†‡∏≤‡∏û‡∏™‡∏π‡∏á,‡∏ä‡πà‡∏ß‡∏á‡πÄ‡∏ß‡∏•‡∏≤‡∏Å‡∏≤‡∏£‡∏£‡∏±‡∏ö‡∏™‡∏°‡∏±‡∏Ñ‡∏£ 1-2 ‡πÄ‡∏î‡∏∑‡∏≠‡∏ô‡∏Å‡πà‡∏≠‡∏ô‡πÄ‡∏î‡∏¥‡∏ô‡∏ó‡∏≤‡∏á ‡∏ß‡∏±‡∏ô‡πÅ‡∏•‡∏∞‡πÄ‡∏ß‡∏•‡∏≤‡πÄ‡∏î‡∏¥‡∏ô‡∏ó‡∏≤‡∏á‡∏™‡∏≠‡∏ö‡∏ñ‡∏≤‡∏°‡∏Å‡∏±‡∏ö‡∏ó‡∏≤‡∏á‡∏ö‡∏£‡∏¥‡∏©‡∏±‡∏ó‡∏≠‡∏µ‡∏Å‡∏Ñ‡∏£‡∏±‡πâ‡∏á,,Harbin Normal University,https://drive.google.com/drive/u/0/folders/1TkICqeoXySDX00MxmkHGxixJYfQTqcLm,‡πÄ‡∏î‡∏¥‡∏ô‡∏ó‡∏≤‡∏á ‡∏°‡∏µ‡∏ô‡∏≤‡∏Ñ‡∏°‡πÅ‡∏•‡∏∞‡∏Å‡∏±‡∏ô‡∏¢‡∏≤‡∏¢‡∏ô,https://drive.google.com/file/d/1Jr-pixB-ilizpHJyG1U0Cw0y4_azfGfW/view?usp=share_link,‡πÑ‡∏õ‡πÄ‡∏£‡∏µ‡∏¢‡∏ô‡∏†‡∏≤‡∏©‡∏≤‡∏à‡∏µ‡∏ô‡∏Ñ‡∏£‡∏±‡πâ‡∏á‡∏ô‡∏µ‡πâ ‡∏£‡∏π‡πâ‡∏™‡∏∂‡∏Å‡∏ß‡πà‡∏≤‡πÑ‡∏î‡πâ‡∏®‡∏±‡∏û‡∏ó‡πå‡∏ó‡∏µ‡πà‡πÉ‡∏ä‡πâ‡πÉ‡∏ô‡∏ä‡∏µ‡∏ß‡∏¥‡∏ï‡∏õ‡∏£‡∏∞‡∏à‡∏≥‡∏ß‡∏±‡∏ô‡πÄ‡∏¢‡∏≠‡∏∞‡∏°‡∏≤‡∏Å‡πÜ ‡∏ó‡∏µ‡πà‡∏ô‡∏µ‡πà‡∏à‡∏∞‡∏™‡∏≠‡∏ô‡πÅ‡∏ö‡∏ö‡∏ö‡∏£‡∏£‡∏¢‡∏≤‡∏¢‡∏à‡∏µ‡∏ô‡∏•‡πâ‡∏ß‡∏ô ‡∏Ñ‡∏ß‡∏£‡∏°‡∏µ‡∏û‡∏∑‡πâ‡∏ô‡∏ê‡∏≤‡∏ô‡∏†‡∏≤‡∏©‡∏≤‡πÑ‡∏õ‡∏ô‡∏¥‡∏î‡∏ô‡∏∂‡∏á‡∏Å‡πá‡∏î‡∏µ ‡∏ñ‡πâ‡∏≤‡πÑ‡∏õ‡πÅ‡∏ö‡∏ö‡∏Å‡∏•‡∏≤‡∏á‡πÄ‡∏ó‡∏≠‡∏°‡∏ô‡∏∞ ‡πÅ‡∏ï‡πà‡πÄ‡∏´‡∏•‡πà‡∏≤‡∏ã‡∏∑‡∏≠‡∏ó‡∏µ‡πà‡∏ô‡∏µ‡πà‡∏Å‡πá‡∏ô‡πà‡∏≤‡∏£‡∏±‡∏Å‡∏™‡∏∏‡∏î‡πÜ ‡∏™‡∏≠‡∏ô‡πÅ‡∏ö‡∏ö‡∏Ñ‡πà‡∏≠‡∏¢‡πÜ‡πÑ‡∏õ ‡πÄ‡∏û‡∏£‡∏≤‡∏∞‡πÄ‡∏£‡∏≤‡∏≠‡∏¢‡∏π‡πà‡∏Ñ‡∏•‡∏≤‡∏™A ‡∏°‡∏µ‡πÄ‡∏£‡∏µ‡∏¢‡∏Å‡πÉ‡∏´‡πâ‡∏≠‡πà‡∏≤‡∏ô‡∏ö‡πâ‡∏≤‡∏á‡∏ô‡∏¥‡∏î‡∏´‡∏ô‡πà‡∏≠‡∏¢ ‡∏Ñ‡∏≥‡πÑ‡∏´‡∏ô‡∏≠‡πà‡∏≤‡∏ô‡πÑ‡∏°‡πà‡∏≠‡∏≠‡∏Å‡πÄ‡∏´‡∏•‡πà‡∏≤‡∏ã‡∏∑‡∏≠‡∏Å‡πá‡∏Ñ‡∏≠‡∏¢‡∏ö‡∏≠‡∏Å‡∏ï‡∏•‡∏≠‡∏î ‡πÑ‡∏°‡πà‡∏ï‡πâ‡∏≠‡∏á‡∏Å‡∏•‡∏±‡∏ß‡∏à‡∏∞‡∏≠‡πà‡∏≤‡∏ô‡∏ú‡∏¥‡∏î‡πÄ‡∏•‡∏¢ ‡∏™‡∏∏‡∏î‡∏ó‡πâ‡∏≤‡∏¢‡∏ô‡∏µ‡πâ‡∏Ç‡∏≠‡∏ö‡∏Ñ‡∏∏‡∏ì‡∏ï‡πã‡∏á ‡∏™‡∏ï‡∏≤‡∏ü‡∏ó‡∏µ‡πà‡∏î‡∏π‡πÅ‡∏•‡∏ó‡∏µ‡πà‡∏à‡∏µ‡∏ô ‡∏î‡∏π‡πÅ‡∏•‡πÄ‡∏£‡∏≤‡∏î‡∏µ‡∏°‡∏≤‡∏Å‡πÜ ‡πÅ‡∏ö‡∏ö‡πÄ‡∏£‡∏≤‡∏Ç‡∏≠‡∏Ñ‡∏ß‡∏≤‡∏°‡∏ä‡πà‡∏ß‡∏¢‡πÄ‡∏´‡∏•‡∏∑‡∏≠‡πÑ‡∏õ‡∏Å‡∏µ‡πà‡∏Ñ‡∏£‡∏±‡πâ‡∏á‡∏Å‡πá‡∏ä‡πà‡∏ß‡∏¢‡πÄ‡∏´‡∏•‡∏∑‡∏≠‡∏ï‡∏•‡∏≠‡∏î ‡∏Ç‡∏≠‡∏ö‡∏Ñ‡∏∏‡∏ì‡∏°‡∏≤‡∏Å‡πÜ‡πÄ‡∏•‡∏¢
11,HRBNU3W2025,"""‡πÄ‡∏£‡∏µ‡∏¢‡∏ô‡∏à‡∏µ‡∏ô 3 ‡∏™‡∏±‡∏õ‡∏î‡∏≤‡∏´‡πå  Harbin Normal University""","Harbin, China ",21 Days,"‡∏´‡πâ‡∏≠‡∏á‡∏Ñ‡∏π‡πà 41,900 ‡∏´‡πâ‡∏≠‡∏á‡πÄ‡∏î‡∏µ‡πà‡∏¢‡∏ß 45,990",Harbin Normal University ‡∏°‡∏´‡∏≤‡∏ß‡∏¥‡∏ó‡∏¢‡∏≤‡∏•‡∏±‡∏¢‡πÉ‡∏à‡∏Å‡∏•‡∏≤‡∏á‡πÄ‡∏°‡∏∑‡∏≠‡∏á‡∏Æ‡∏≤‡∏£‡πå‡∏ö‡∏¥‡∏ô ‡πÄ‡∏õ‡πá‡∏ô‡∏°‡∏´‡∏≤‡∏ß‡∏¥‡∏ó‡∏¢‡∏≤‡∏•‡∏±‡∏¢‡∏ó‡∏µ‡πà‡∏°‡∏µ‡∏ä‡∏∑‡πà‡∏≠‡πÄ‡∏™‡∏µ‡∏¢‡∏á‡πÉ‡∏ô‡∏Æ‡∏≤‡∏£‡πå‡∏ö‡∏¥‡∏ô ‡∏õ‡∏£‡∏∞‡πÄ‡∏ó‡∏®‡∏à‡∏µ‡∏ô ‡∏°‡∏´‡∏≤‡∏ß‡∏¥‡∏ó‡∏¢‡∏≤‡∏•‡∏±‡∏¢‡∏ô‡∏µ‡πâ‡∏°‡∏µ‡∏ö‡∏ó‡∏ö‡∏≤‡∏ó‡∏™‡∏≥‡∏Ñ‡∏±‡∏ç‡πÉ‡∏ô‡∏Å‡∏≤‡∏£‡∏ú‡∏•‡∏¥‡∏ï‡∏Ñ‡∏£‡∏π‡πÅ‡∏•‡∏∞‡∏ö‡∏∏‡∏Ñ‡∏•‡∏≤‡∏Å‡∏£‡∏ó‡∏≤‡∏á‡∏Å‡∏≤‡∏£‡∏®‡∏∂‡∏Å‡∏©‡∏≤‡∏ó‡∏µ‡πà‡∏°‡∏µ‡∏Ñ‡∏∏‡∏ì‡∏†‡∏≤‡∏û‡∏™‡∏π‡∏á,‡∏ä‡πà‡∏ß‡∏á‡πÄ‡∏ß‡∏•‡∏≤‡∏Å‡∏≤‡∏£‡∏£‡∏±‡∏ö‡∏™‡∏°‡∏±‡∏Ñ‡∏£ 1-2 ‡πÄ‡∏î‡∏∑‡∏≠‡∏ô‡∏Å‡πà‡∏≠‡∏ô‡πÄ‡∏î‡∏¥‡∏ô‡∏ó‡∏≤‡∏á ‡∏ß‡∏±‡∏ô‡πÅ‡∏•‡∏∞‡πÄ‡∏ß‡∏•‡∏≤‡πÄ‡∏î‡∏¥‡∏ô‡∏ó‡∏≤‡∏á‡∏™‡∏≠‡∏ö‡∏ñ‡∏≤‡∏°‡∏Å‡∏±‡∏ö‡∏ó‡∏≤‡∏á‡∏ö‡∏£‡∏¥‡∏©‡∏±‡∏ó‡∏≠‡∏µ‡∏Å‡∏Ñ‡∏£‡∏±‡πâ‡∏á,,Harbin Normal University,https://drive.google.com/drive/u/0/folders/1TkICqeoXySDX00MxmkHGxixJYfQTqcLm,‡πÄ‡∏î‡∏¥‡∏ô‡∏ó‡∏≤‡∏á ‡∏°‡∏µ‡∏ô‡∏≤‡∏Ñ‡∏°‡πÅ‡∏•‡∏∞‡∏Å‡∏±‡∏ô‡∏¢‡∏≤‡∏¢‡∏ô,https://drive.google.com/file/d/1kPOmj6wtID1B6GlCEKY-eP-cWpozNMKG/view?usp=sharing,
12,HRBNU1M2025,"""‡πÄ‡∏£‡∏µ‡∏¢‡∏ô‡∏à‡∏µ‡∏ô 1 ‡πÄ‡∏î‡∏∑‡∏≠‡∏ô Harbin Normal University""","Harbin, China ",30 Days,"‡∏´‡πâ‡∏≠‡∏á‡∏Ñ‡∏π‡πà 47,990 ‡∏´‡πâ‡∏≠‡∏á‡πÄ‡∏î‡∏µ‡πà‡∏¢‡∏ß 50,990",Harbin Normal University ‡∏°‡∏´‡∏≤‡∏ß‡∏¥‡∏ó‡∏¢‡∏≤‡∏•‡∏±‡∏¢‡πÉ‡∏à‡∏Å‡∏•‡∏≤‡∏á‡πÄ‡∏°‡∏∑‡∏≠‡∏á‡∏Æ‡∏≤‡∏£‡πå‡∏ö‡∏¥‡∏ô ‡πÄ‡∏õ‡πá‡∏ô‡∏°‡∏´‡∏≤‡∏ß‡∏¥‡∏ó‡∏¢‡∏≤‡∏•‡∏±‡∏¢‡∏ó‡∏µ‡πà‡∏°‡∏µ‡∏ä‡∏∑‡πà‡∏≠‡πÄ‡∏™‡∏µ‡∏¢‡∏á‡πÉ‡∏ô‡∏Æ‡∏≤‡∏£‡πå‡∏ö‡∏¥‡∏ô ‡∏õ‡∏£‡∏∞‡πÄ‡∏ó‡∏®‡∏à‡∏µ‡∏ô ‡∏°‡∏´‡∏≤‡∏ß‡∏¥‡∏ó‡∏¢‡∏≤‡∏•‡∏±‡∏¢‡∏ô‡∏µ‡πâ‡∏°‡∏µ‡∏ö‡∏ó‡∏ö‡∏≤‡∏ó‡∏™‡∏≥‡∏Ñ‡∏±‡∏ç‡πÉ‡∏ô‡∏Å‡∏≤‡∏£‡∏ú‡∏•‡∏¥‡∏ï‡∏Ñ‡∏£‡∏π‡πÅ‡∏•‡∏∞‡∏ö‡∏∏‡∏Ñ‡∏•‡∏≤‡∏Å‡∏£‡∏ó‡∏≤‡∏á‡∏Å‡∏≤‡∏£‡∏®‡∏∂‡∏Å‡∏©‡∏≤‡∏ó‡∏µ‡πà‡∏°‡∏µ‡∏Ñ‡∏∏‡∏ì‡∏†‡∏≤‡∏û‡∏™‡∏π‡∏á,‡∏ä‡πà‡∏ß‡∏á‡πÄ‡∏ß‡∏•‡∏≤‡∏Å‡∏≤‡∏£‡∏£‡∏±‡∏ö‡∏™‡∏°‡∏±‡∏Ñ‡∏£ 1-2 ‡πÄ‡∏î‡∏∑‡∏≠‡∏ô‡∏Å‡πà‡∏≠‡∏ô‡πÄ‡∏î‡∏¥‡∏ô‡∏ó‡∏≤‡∏á ‡∏ß‡∏±‡∏ô‡πÅ‡∏•‡∏∞‡πÄ‡∏ß‡∏•‡∏≤‡πÄ‡∏î‡∏¥‡∏ô‡∏ó‡∏≤‡∏á‡∏™‡∏≠‡∏ö‡∏ñ‡∏≤‡∏°‡∏Å‡∏±‡∏ö‡∏ó‡∏≤‡∏á‡∏ö‡∏£‡∏¥‡∏©‡∏±‡∏ó‡∏≠‡∏µ‡∏Å‡∏Ñ‡∏£‡∏±‡πâ‡∏á,,Harbin Normal University,https://drive.google.com/drive/u/0/folders/1TkICqeoXySDX00MxmkHGxixJYfQTqcLm,‡πÄ‡∏î‡∏¥‡∏ô‡∏ó‡∏≤‡∏á ‡∏°‡∏µ‡∏ô‡∏≤‡∏Ñ‡∏°‡πÅ‡∏•‡∏∞‡∏Å‡∏±‡∏ô‡∏¢‡∏≤‡∏¢‡∏ô,https://drive.google.com/file/d/1LkpJ4YT7iinEDF2uKBFL_p9osbt-A_qX/view?usp=share_link,‡∏û‡∏µ‡πà‡πÜ‡πÉ‡∏ô‡πÇ‡∏Ñ‡∏£‡∏á‡∏Å‡∏≤‡∏£‡πÄ‡∏õ‡πá‡∏ô‡∏Å‡∏±‡∏ô‡πÄ‡∏≠‡∏á‡πÅ‡∏•‡∏∞‡πÄ‡∏ü‡∏£‡∏ô‡∏•‡∏µ‡πà‡∏°‡∏≤‡∏Å‡πÜ‡∏Ñ‡πà‡∏∞ ‡∏û‡∏µ‡πà‡πÜ‡∏î‡∏π‡πÅ‡∏•‡∏î‡∏µ‡∏°‡∏≤‡∏Å‡πÜ ‡∏î‡∏π‡πÅ‡∏•‡πÅ‡∏ö‡∏ö‡∏î‡∏µ‡∏™‡∏∏‡∏î‡πÜ‡πÄ‡∏•‡∏¢‡∏Ñ‡πà‡∏∞ ‡∏î‡∏π‡πÅ‡∏•‡∏ó‡∏∏‡∏Å‡∏≠‡∏¢‡πà‡∏≤‡∏á‡∏ä‡πà‡∏ß‡∏¢‡∏ó‡∏∏‡∏Å‡∏≠‡∏¢‡πà‡∏≤‡∏á‡πÄ‡∏•‡∏¢‡∏Ñ‡πà‡∏∞ ‡∏°‡∏µ‡∏õ‡∏±‡∏ç‡∏´‡∏≤‡∏≠‡∏∞‡πÑ‡∏£‡∏ó‡∏±‡∏Å‡∏´‡∏≤‡πÉ‡∏´‡πâ‡∏û‡∏µ‡πà‡πÜ‡∏ä‡πà‡∏ß‡∏¢‡∏û‡∏µ‡πà‡πÜ‡∏Å‡πá‡∏û‡∏£‡πâ‡∏≠‡∏°‡∏ä‡πà‡∏ß‡∏¢‡πÄ‡∏™‡∏°‡∏≠‡πÄ‡∏•‡∏¢‡∏Ñ‡πà‡∏∞ ‡πÅ‡∏•‡∏∞‡∏£‡∏π‡πâ‡∏™‡∏∂‡∏Å‡∏õ‡∏•‡∏≠‡∏î‡∏†‡∏±‡∏¢‡∏°‡∏≤‡∏Å‡πÜ ‡∏Ñ‡πà‡∏∞‡πÑ‡∏°‡πà‡∏£‡∏π‡πâ‡∏™‡∏∂‡∏Å‡∏Å‡∏•‡∏±‡∏ß‡∏≠‡∏∞‡πÑ‡∏£‡πÄ‡∏•‡∏¢ ‡πÄ‡∏õ‡πá‡∏ô‡πÇ‡∏Ñ‡∏£‡∏á‡∏Å‡∏≤‡∏£‡∏ó‡∏µ‡πà‡∏£‡∏π‡πâ‡∏™‡∏∂‡∏Å‡∏ß‡πà‡∏≤‡∏ñ‡πâ‡∏≤‡∏°‡∏µ‡πÇ‡∏≠‡∏Å‡∏≤‡∏™‡∏à‡∏∞‡πÑ‡∏õ‡∏Å‡∏±‡∏ö‡πÇ‡∏Ñ‡∏£‡∏á‡∏Å‡∏≤‡∏£‡∏ô‡∏µ‡πâ‡∏≠‡∏µ‡∏Å‡∏Ñ‡∏£‡∏±‡πâ‡∏á‡πÅ‡∏ô‡πà‡∏ô‡∏≠‡∏ô‡∏Ñ‡πà‡∏∞
13,HRBNU2M2025,"""‡πÄ‡∏£‡∏µ‡∏¢‡∏ô‡∏à‡∏µ‡∏ô 2 ‡πÄ‡∏î‡∏∑‡∏≠‡∏ô Harbin Normal University""","Harbin, China ",2 ‡πÄ‡∏î‡∏∑‡∏≠‡∏ô,"‡∏´‡πâ‡∏≠‡∏á‡∏Ñ‡∏π‡πà 62,990 ‡∏´‡πâ‡∏≠‡∏á‡πÄ‡∏î‡∏µ‡πà‡∏¢‡∏ß 65,990",Harbin Normal University ‡∏°‡∏´‡∏≤‡∏ß‡∏¥‡∏ó‡∏¢‡∏≤‡∏•‡∏±‡∏¢‡πÉ‡∏à‡∏Å‡∏•‡∏≤‡∏á‡πÄ‡∏°‡∏∑‡∏≠‡∏á‡∏Æ‡∏≤‡∏£‡πå‡∏ö‡∏¥‡∏ô ‡πÄ‡∏õ‡πá‡∏ô‡∏°‡∏´‡∏≤‡∏ß‡∏¥‡∏ó‡∏¢‡∏≤‡∏•‡∏±‡∏¢‡∏ó‡∏µ‡πà‡∏°‡∏µ‡∏ä‡∏∑‡πà‡∏≠‡πÄ‡∏™‡∏µ‡∏¢‡∏á‡πÉ‡∏ô‡∏Æ‡∏≤‡∏£‡πå‡∏ö‡∏¥‡∏ô ‡∏õ‡∏£‡∏∞‡πÄ‡∏ó‡∏®‡∏à‡∏µ‡∏ô ‡∏°‡∏´‡∏≤‡∏ß‡∏¥‡∏ó‡∏¢‡∏≤‡∏•‡∏±‡∏¢‡∏ô‡∏µ‡πâ‡∏°‡∏µ‡∏ö‡∏ó‡∏ö‡∏≤‡∏ó‡∏™‡∏≥‡∏Ñ‡∏±‡∏ç‡πÉ‡∏ô‡∏Å‡∏≤‡∏£‡∏ú‡∏•‡∏¥‡∏ï‡∏Ñ‡∏£‡∏π‡πÅ‡∏•‡∏∞‡∏ö‡∏∏‡∏Ñ‡∏•‡∏≤‡∏Å‡∏£‡∏ó‡∏≤‡∏á‡∏Å‡∏≤‡∏£‡∏®‡∏∂‡∏Å‡∏©‡∏≤‡∏ó‡∏µ‡πà‡∏°‡∏µ‡∏Ñ‡∏∏‡∏ì‡∏†‡∏≤‡∏û‡∏™‡∏π‡∏á,‡∏ä‡πà‡∏ß‡∏á‡πÄ‡∏ß‡∏•‡∏≤‡∏Å‡∏≤‡∏£‡∏£‡∏±‡∏ö‡∏™‡∏°‡∏±‡∏Ñ‡∏£ 1-2 ‡πÄ‡∏î‡∏∑‡∏≠‡∏ô‡∏Å‡πà‡∏≠‡∏ô‡πÄ‡∏î‡∏¥‡∏ô‡∏ó‡∏≤‡∏á ‡∏ß‡∏±‡∏ô‡πÅ‡∏•‡∏∞‡πÄ‡∏ß‡∏•‡∏≤‡πÄ‡∏î‡∏¥‡∏ô‡∏ó‡∏≤‡∏á‡∏™‡∏≠‡∏ö‡∏ñ‡∏≤‡∏°‡∏Å‡∏±‡∏ö‡∏ó‡∏≤‡∏á‡∏ö‡∏£‡∏¥‡∏©‡∏±‡∏ó‡∏≠‡∏µ‡∏Å‡∏Ñ‡∏£‡∏±‡πâ‡∏á,,Harbin Normal University,https://drive.google.com/drive/u/0/folders/1TkICqeoXySDX00MxmkHGxixJYfQTqcLm,‡πÄ‡∏î‡∏¥‡∏ô‡∏ó‡∏≤‡∏á ‡∏°‡∏µ‡∏ô‡∏≤‡∏Ñ‡∏°‡πÅ‡∏•‡∏∞‡∏Å‡∏±‡∏ô‡∏¢‡∏≤‡∏¢‡∏ô,https://drive.google.com/file/d/1GM8r-fUSnQXCQJEJsk_mofwY06XgUpPK/view?usp=share_link,‡πÑ‡∏õ‡πÄ‡∏£‡∏µ‡∏¢‡∏ô‡∏ó‡∏µ‡πà‡∏à‡∏µ‡∏ô‡∏£‡∏π‡πâ‡∏™‡∏∂‡∏Å‡∏ß‡πà‡∏≤‡πÄ‡∏õ‡∏¥‡∏î‡∏õ‡∏£‡∏∞‡∏™‡∏ö‡∏Å‡∏≤‡∏£‡∏ì‡πå‡∏´‡∏•‡∏≤‡∏¢‡∏≠‡∏¢‡πà‡∏≤‡∏á‡∏°‡∏≤‡∏Å ‡∏Å‡∏≤‡∏£‡πÑ‡∏î‡πâ‡∏Ñ‡∏∏‡∏¢‡∏Å‡∏±‡∏ö‡∏Ñ‡∏ô‡∏à‡∏µ‡∏ô‡∏ù‡∏∂‡∏Å‡∏†‡∏≤‡∏©‡∏≤‡∏Å‡∏±‡∏ö‡∏Ñ‡∏ô‡∏à‡∏µ‡∏ô‡∏ï‡∏£‡∏á‡πÜ‡πÄ‡∏£‡∏µ‡∏¢‡∏ô‡∏£‡∏π‡πâ‡πÅ‡∏•‡∏∞‡πÄ‡∏Ç‡πâ‡∏≤‡πÉ‡∏à‡∏°‡∏≤‡∏Å‡∏Ç‡∏∂‡πâ‡∏ô‡πÄ‡∏´‡∏•‡πà‡∏≤‡∏ã‡∏∑‡∏≠‡πÉ‡∏à‡∏î‡∏µ‡∏°‡∏≤‡∏Å‡∏ï‡∏£‡∏á‡πÑ‡∏´‡∏ô‡πÑ‡∏°‡πà‡πÄ‡∏Ç‡πâ‡∏≤‡πÉ‡∏à‡∏Å‡πá‡∏≠‡∏ò‡∏¥‡∏ö‡∏≤‡∏¢‡πÉ‡∏´‡πâ‡∏ü‡∏±‡∏á ‡∏™‡πà‡∏ß‡∏ô‡∏´‡∏≠‡∏û‡∏±‡∏Å‡πÉ‡∏ô‡∏´‡πâ‡∏≠‡∏á‡∏°‡∏µ ‡∏≠‡∏∏‡∏õ‡∏Å‡∏£‡∏ì‡πå‡πÉ‡∏´‡πâ‡πÉ‡∏ä‡πâ‡∏™‡∏∞‡∏î‡∏ß‡∏Å‡∏°‡∏≤‡∏Å ‡∏ñ‡πâ‡∏≤‡∏≠‡∏¢‡∏≤‡∏Å‡∏ó‡πç‡∏≤‡∏Å‡∏±‡∏ö‡∏Ç‡πâ‡∏≤‡∏ß‡πÉ‡∏ô‡∏´‡∏≠‡∏û‡∏±‡∏Å‡∏Å‡πá‡∏°‡∏µ‡∏Ñ‡∏£‡∏±‡∏ß‡∏Å‡∏•‡∏≤‡∏á‡πÉ‡∏´‡πâ ‡∏ö‡∏£‡∏£‡∏¢‡∏≤‡∏Å‡∏≤‡∏®‡πÉ‡∏ô‡∏°‡∏´‡∏≤‡∏•‡∏±‡∏¢‡∏î‡∏µ‡∏°‡∏≤‡∏Å‡∏ï‡∏≠‡∏ô‡∏ä‡πà‡∏ß‡∏á‡∏ó‡∏µ‡πà‡πÑ‡∏õ‡∏≠‡∏≤‡∏Å‡∏≤‡∏®‡∏Å‡πç‡∏≤‡∏•‡∏±‡∏á‡∏™‡∏ö‡∏≤‡∏¢‡∏≠‡∏¢‡∏≤‡∏Å‡πÑ‡∏õ‡πÑ‡∏´‡∏ô‡∏´‡∏ô‡πâ‡∏≤‡∏°‡∏´‡∏≤‡∏•‡∏±‡∏¢‡∏Å‡πá‡∏°‡∏µ‡∏£‡∏ñ‡πÑ‡∏ü‡∏ü‡πâ‡∏≤‡πÉ‡∏ï‡πâ‡∏î‡∏¥‡∏ô‡∏™‡∏∞‡∏î‡∏ß‡∏Å‡∏ï‡πà‡∏≠‡∏Å‡∏≤‡∏£‡πÄ‡∏î‡∏¥‡∏ô‡∏ó‡∏≤‡∏á ‡∏°‡∏µ‡∏û‡∏µ‡πà‡πÜ‡∏û‡∏≤‡πÑ‡∏õ‡∏ä‡∏°‡∏™‡∏ñ‡∏≤‡∏ô‡∏ó‡∏µ‡πà‡∏ó‡πà‡∏≠‡∏á‡πÄ‡∏ó‡∏µ‡πà‡∏¢‡∏ß‡πÅ‡∏ô‡∏∞‡∏ô‡πç‡∏≤‡∏™‡∏ñ‡∏≤‡∏ô‡∏ó‡∏µ‡πà‡πÄ‡∏ó‡∏µ‡πà‡∏¢‡∏ß‡∏™‡∏ß‡∏¢‡πÜ ‡πÉ‡∏´‡πâ‡∏Ñ‡πç‡∏≤‡∏õ‡∏£‡∏∂‡∏Å‡∏©‡∏≤‡∏ï‡∏•‡∏≠‡∏î
14,HRBNU3M2025,"""‡πÄ‡∏£‡∏µ‡∏¢‡∏ô‡∏à‡∏µ‡∏ô 3 ‡πÄ‡∏î‡∏∑‡∏≠‡∏ô Harbin Normal University""","Harbin, China ",3 ‡πÄ‡∏î‡∏∑‡∏≠‡∏ô,"‡∏´‡πâ‡∏≠‡∏á‡∏Ñ‡∏π‡πà 79,990 ‡∏´‡πâ‡∏≠‡∏á‡πÄ‡∏î‡∏µ‡πà‡∏¢‡∏ß 89,990",Harbin Normal University ‡∏°‡∏´‡∏≤‡∏ß‡∏¥‡∏ó‡∏¢‡∏≤‡∏•‡∏±‡∏¢‡πÉ‡∏à‡∏Å‡∏•‡∏≤‡∏á‡πÄ‡∏°‡∏∑‡∏≠‡∏á‡∏Æ‡∏≤‡∏£‡πå‡∏ö‡∏¥‡∏ô ‡πÄ‡∏õ‡πá‡∏ô‡∏°‡∏´‡∏≤‡∏ß‡∏¥‡∏ó‡∏¢‡∏≤‡∏•‡∏±‡∏¢‡∏ó‡∏µ‡πà‡∏°‡∏µ‡∏ä‡∏∑‡πà‡∏≠‡πÄ‡∏™‡∏µ‡∏¢‡∏á‡πÉ‡∏ô‡∏Æ‡∏≤‡∏£‡πå‡∏ö‡∏¥‡∏ô ‡∏õ‡∏£‡∏∞‡πÄ‡∏ó‡∏®‡∏à‡∏µ‡∏ô ‡∏°‡∏´‡∏≤‡∏ß‡∏¥‡∏ó‡∏¢‡∏≤‡∏•‡∏±‡∏¢‡∏ô‡∏µ‡πâ‡∏°‡∏µ‡∏ö‡∏ó‡∏ö‡∏≤‡∏ó‡∏™‡∏≥‡∏Ñ‡∏±‡∏ç‡πÉ‡∏ô‡∏Å‡∏≤‡∏£‡∏ú‡∏•‡∏¥‡∏ï‡∏Ñ‡∏£‡∏π‡πÅ‡∏•‡∏∞‡∏ö‡∏∏‡∏Ñ‡∏•‡∏≤‡∏Å‡∏£‡∏ó‡∏≤‡∏á‡∏Å‡∏≤‡∏£‡∏®‡∏∂‡∏Å‡∏©‡∏≤‡∏ó‡∏µ‡πà‡∏°‡∏µ‡∏Ñ‡∏∏‡∏ì‡∏†‡∏≤‡∏û‡∏™‡∏π‡∏á,‡∏ä‡πà‡∏ß‡∏á‡πÄ‡∏ß‡∏•‡∏≤‡∏Å‡∏≤‡∏£‡∏£‡∏±‡∏ö‡∏™‡∏°‡∏±‡∏Ñ‡∏£ 1-2 ‡πÄ‡∏î‡∏∑‡∏≠‡∏ô‡∏Å‡πà‡∏≠‡∏ô‡πÄ‡∏î‡∏¥‡∏ô‡∏ó‡∏≤‡∏á ‡∏ß‡∏±‡∏ô‡πÅ‡∏•‡∏∞‡πÄ‡∏ß‡∏•‡∏≤‡πÄ‡∏î‡∏¥‡∏ô‡∏ó‡∏≤‡∏á‡∏™‡∏≠‡∏ö‡∏ñ‡∏≤‡∏°‡∏Å‡∏±‡∏ö‡∏ó‡∏≤‡∏á‡∏ö‡∏£‡∏¥‡∏©‡∏±‡∏ó‡∏≠‡∏µ‡∏Å‡∏Ñ‡∏£‡∏±‡πâ‡∏á,,Harbin Normal University,https://drive.google.com/drive/u/0/folders/1TkICqeoXySDX00MxmkHGxixJYfQTqcLm,‡πÄ‡∏î‡∏¥‡∏ô‡∏ó‡∏≤‡∏á ‡∏°‡∏µ‡∏ô‡∏≤‡∏Ñ‡∏°‡πÅ‡∏•‡∏∞‡∏Å‡∏±‡∏ô‡∏¢‡∏≤‡∏¢‡∏ô,https://drive.google.com/file/d/1c8jNnHXIF1LKaL3KnUozp9CTvFFKzE_t/view?usp=share_link,"‡∏û‡∏µ‡πà‡πÜ‡πÉ‡∏ô‡πÇ‡∏Ñ‡∏£‡∏á‡∏Å‡∏≤‡∏£‡∏î‡∏π‡πÅ‡∏•‡∏î‡∏µ‡∏°‡∏≤‡∏Å‡πÜ‡∏Ñ‡πà‡∏≠‡∏ô‡∏Ç‡πâ‡∏≤‡∏á‡πÄ‡∏õ‡πá‡∏ô‡∏Å‡∏±‡∏ô‡πÄ‡∏≠‡∏á‡πÄ‡∏ß‡∏•‡∏≤‡∏°‡∏µ‡∏õ‡∏±‡∏ç‡∏´‡∏≤‡∏≠‡∏∞‡πÑ‡∏£‡∏û‡∏µ‡πà‡πÜ‡∏ó‡∏µ‡∏°‡∏á‡∏≤‡∏ô‡∏Å‡πá‡∏à‡∏∞‡∏´‡∏≤‡∏ß‡∏¥‡∏ò‡∏µ‡πÅ‡∏Å‡πâ‡∏õ‡∏±‡∏ç‡∏´‡∏≤‡πÉ‡∏´‡πâ‡πÄ‡∏£‡πá‡∏ß‡∏°‡∏≤‡∏Å‡πÜ ‡πÅ‡∏•‡∏∞‡πÄ‡∏ß‡∏•‡∏≤‡πÄ‡∏£‡∏µ‡∏¢‡∏ô‡∏Å‡πâ‡πÑ‡∏°‡πà‡πÄ‡∏Ñ‡∏£‡∏µ‡∏¢‡∏î‡πÄ‡∏û‡∏£‡∏≤‡∏∞‡∏ß‡πà‡∏≤‡∏ï‡∏≤‡∏£‡∏≤‡∏á‡∏™‡∏≠‡∏ô‡∏Ñ‡πà‡∏≠‡∏ô‡∏Ç‡πâ‡∏≤‡∏á‡∏à‡∏±‡∏î‡πÄ‡∏ß‡∏•‡∏≤‡∏ï‡πà‡∏≤‡∏á‡πÜ‡πÑ‡∏î‡πâ‡∏î‡∏µ ‡πÄ‡∏õ‡πá‡∏ô‡∏ü‡∏¥‡∏•‡πÅ‡∏ö‡∏ö‡πÑ‡∏õ‡πÄ‡∏£‡∏µ‡∏¢‡∏ô‡πÅ‡∏•‡πâ‡∏ß‡∏Å‡πá‡πÑ‡∏õ‡πÄ‡∏ó‡∏µ‡πà‡∏¢‡∏ß‡πÉ‡∏ô‡∏ï‡∏±‡∏ß‡∏ó‡∏≥‡πÉ‡∏´‡πâ‡∏£‡∏π‡πâ‡∏™‡∏∂‡∏Å‡∏ú‡πà‡∏≠‡∏ô‡∏Ñ‡∏•‡∏≤‡∏¢‡πÑ‡∏°‡πà‡πÄ‡∏Ñ‡∏£‡∏µ‡∏¢‡∏î ‡∏Ñ‡∏ô‡∏ó‡∏µ‡πà‡∏Æ‡∏≤‡∏£‡πå‡∏ö‡∏¥‡∏ô‡∏Å‡πá‡∏ô‡πà‡∏≤‡∏£‡∏±‡∏Å‡∏°‡∏≤‡∏Å ‡πÄ‡∏´‡∏•‡πà‡∏≤‡∏ã‡∏∑‡∏≠‡∏™‡∏≠‡∏ô‡∏™‡∏ô‡∏∏‡∏Å‡πÄ‡∏õ‡πá‡∏ô‡∏Å‡∏±‡∏ô‡πÄ‡∏≠‡∏á‡∏°‡∏≤‡∏Å‡πÜ ‡∏ô‡πà‡∏≤‡∏£‡∏±‡∏Å‡∏°‡∏≤‡∏Å‡∏Ñ‡∏±‡∏ö 
"
15,HRBNU1Y2025,‡πÄ‡∏£‡∏µ‡∏¢‡∏ô‡∏à‡∏µ‡∏ô‡∏£‡∏∞‡∏¢‡∏∞‡∏¢‡∏≤‡∏ß 1 ‡∏õ‡∏µ (HRBNU) Harbin Normal University,"Harbin, China",,"‡πÄ‡∏£‡∏¥‡πà‡∏°‡∏ï‡πâ‡∏ô ‡∏´‡πâ‡∏≠‡∏á‡∏Ñ‡∏π‡πà 149,990 ‡∏´‡πâ‡∏≠‡∏á‡πÄ‡∏î‡∏µ‡πà‡∏¢‡∏ß 179,990",Harbin Normal University ‡∏°‡∏´‡∏≤‡∏ß‡∏¥‡∏ó‡∏¢‡∏≤‡∏•‡∏±‡∏¢‡πÉ‡∏à‡∏Å‡∏•‡∏≤‡∏á‡πÄ‡∏°‡∏∑‡∏≠‡∏á‡∏Æ‡∏≤‡∏£‡πå‡∏ö‡∏¥‡∏ô ‡πÄ‡∏õ‡πá‡∏ô‡∏°‡∏´‡∏≤‡∏ß‡∏¥‡∏ó‡∏¢‡∏≤‡∏•‡∏±‡∏¢‡∏ó‡∏µ‡πà‡∏°‡∏µ‡∏ä‡∏∑‡πà‡∏≠‡πÄ‡∏™‡∏µ‡∏¢‡∏á‡πÉ‡∏ô‡∏Æ‡∏≤‡∏£‡πå‡∏ö‡∏¥‡∏ô ‡∏õ‡∏£‡∏∞‡πÄ‡∏ó‡∏®‡∏à‡∏µ‡∏ô ‡∏°‡∏´‡∏≤‡∏ß‡∏¥‡∏ó‡∏¢‡∏≤‡∏•‡∏±‡∏¢‡∏ô‡∏µ‡πâ‡∏°‡∏µ‡∏ö‡∏ó‡∏ö‡∏≤‡∏ó‡∏™‡∏≥‡∏Ñ‡∏±‡∏ç‡πÉ‡∏ô‡∏Å‡∏≤‡∏£‡∏ú‡∏•‡∏¥‡∏ï‡∏Ñ‡∏£‡∏π‡πÅ‡∏•‡∏∞‡∏ö‡∏∏‡∏Ñ‡∏•‡∏≤‡∏Å‡∏£‡∏ó‡∏≤‡∏á‡∏Å‡∏≤‡∏£‡∏®‡∏∂‡∏Å‡∏©‡∏≤‡∏ó‡∏µ‡πà‡∏°‡∏µ‡∏Ñ‡∏∏‡∏ì‡∏†‡∏≤‡∏û‡∏™‡∏π‡∏á,‡∏ä‡πà‡∏ß‡∏á‡πÄ‡∏ß‡∏•‡∏≤‡∏Å‡∏≤‡∏£‡∏£‡∏±‡∏ö‡∏™‡∏°‡∏±‡∏Ñ‡∏£ 1-2 ‡πÄ‡∏î‡∏∑‡∏≠‡∏ô‡∏Å‡πà‡∏≠‡∏ô‡πÄ‡∏î‡∏¥‡∏ô‡∏ó‡∏≤‡∏á ‡∏ß‡∏±‡∏ô‡πÅ‡∏•‡∏∞‡πÄ‡∏ß‡∏•‡∏≤‡πÄ‡∏î‡∏¥‡∏ô‡∏ó‡∏≤‡∏á‡∏™‡∏≠‡∏ö‡∏ñ‡∏≤‡∏°‡∏Å‡∏±‡∏ö‡∏ó‡∏≤‡∏á‡∏ö‡∏£‡∏¥‡∏©‡∏±‡∏ó‡∏≠‡∏µ‡∏Å‡∏Ñ‡∏£‡∏±‡πâ‡∏á,,Harbin Normal University,https://drive.google.com/drive/u/0/folders/1TkICqeoXySDX00MxmkHGxixJYfQTqcLm,‡πÄ‡∏î‡∏¥‡∏ô‡∏ó‡∏≤‡∏á ‡∏°‡∏µ‡∏ô‡∏≤‡∏Ñ‡∏°‡πÅ‡∏•‡∏∞‡∏Å‡∏±‡∏ô‡∏¢‡∏≤‡∏¢‡∏ô,https://drive.google.com/file/d/1IFA6QULXbdBTLaCcmju3lD8oZ6CnNwge/view?usp=share_link,‡πÑ‡∏î‡πâ‡∏•‡∏≠‡∏á‡πÑ‡∏õ‡πÉ‡∏ä‡πâ‡∏ä‡∏µ‡∏ß‡∏¥‡∏ï‡∏ó‡∏µ‡πà‡∏ï‡πà‡∏≤‡∏á‡∏õ‡∏£‡∏∞‡πÄ‡∏ó‡∏®‡∏Ñ‡∏£‡∏±‡πâ‡∏á‡πÅ‡∏£‡∏Å‡πÄ‡∏õ‡∏¥‡∏î‡πÇ‡∏•‡∏Å‡∏°‡∏≤‡∏Å‡πÄ‡∏•‡∏¢‡∏Ñ‡πà‡∏∞‡∏ó‡∏µ‡πà‡∏ô‡∏π‡πà‡∏ô‡∏ï‡πà‡∏≤‡∏á‡∏à‡∏≤‡∏Å‡∏ó‡∏µ‡πà‡πÑ‡∏ó‡∏¢‡∏°‡∏≤‡∏Å‡∏≠‡∏≤‡∏Å‡∏≤‡∏®‡∏î‡∏µ‡∏™‡∏∏‡∏î‡πÜ ‡πÄ‡∏£‡∏∑‡πà‡∏≠‡∏á‡πÄ‡∏£‡∏µ‡∏¢‡∏ô‡πÄ‡∏£‡∏µ‡∏¢‡∏ô‡πÑ‡∏°‡πà‡∏Ñ‡πà‡∏≠‡∏¢‡∏´‡∏ô‡∏±‡∏Å‡πÄ‡∏•‡∏¢‡∏Ñ‡πà‡∏∞‡πÄ‡∏£‡∏µ‡∏¢‡∏ô‡∏Å‡∏±‡∏ö‡∏Ñ‡∏£‡∏π‡πÄ‡∏à‡πâ‡∏≤‡∏Ç‡∏≠‡∏á‡∏†‡∏≤‡∏©‡∏≤‡πÄ‡∏•‡∏¢ ‡∏Ñ‡∏£‡∏π‡πÅ‡∏ï‡πà‡∏•‡∏∞‡∏Ñ‡∏ô‡πÉ‡∏à‡∏î‡∏µ‡∏°‡∏≤‡∏Å‡πÄ‡∏•‡∏¢‡∏Ñ‡πà‡∏∞ ‡∏ñ‡πâ‡∏≤‡∏°‡∏µ‡πÇ‡∏≠‡∏Å‡∏≤‡∏™‡∏Å‡πá‡∏à‡∏∞‡πÑ‡∏õ‡∏≠‡∏µ‡∏Å‡πÅ‡∏ô‡πà‡∏ô‡∏≠‡∏ô‡∏Ñ‡πà‡∏∞
16,HIT1Y2025,‡πÄ‡∏£‡∏µ‡∏¢‡∏ô‡∏à‡∏µ‡∏ô‡∏£‡∏∞‡∏¢‡∏∞‡∏¢‡∏≤‡∏ß 1 ‡∏õ‡∏µ (HIT) Harbin Institute of technology,"Harbin, China",1Year,"‡πÄ‡∏£‡∏¥‡πà‡∏°‡∏ï‡πâ‡∏ô 179,990",‡πÇ‡∏Ñ‡∏£‡∏á‡∏Å‡∏≤‡∏£‡πÄ‡∏£‡∏µ‡∏¢‡∏ô‡∏ï‡πà‡∏≠‡∏†‡∏≤‡∏©‡∏≤‡∏à‡∏µ‡∏ô‡∏Å‡∏±‡∏ö ‡∏°‡∏´‡∏≤‡∏ß‡∏¥‡∏ó‡∏¢‡∏≤‡∏•‡∏±‡∏¢‡πÄ‡∏ó‡∏Ñ‡πÇ‡∏ô‡πÇ‡∏•‡∏¢‡∏µ‡∏Æ‡∏≤‡∏£‡πå‡∏ö‡∏¥‡∏ô ‡∏´‡∏ô‡∏∂‡πà‡∏á‡πÉ‡∏ô‡∏°‡∏´‡∏≤‡∏ß‡∏¥‡∏ó‡∏¢‡∏≤‡∏•‡∏±‡∏¢‡∏ä‡∏±‡πâ‡∏ô‡∏ô‡∏≥‡∏Ç‡∏≠‡∏á‡∏õ‡∏£‡∏∞‡πÄ‡∏ó‡∏®‡∏à‡∏µ‡∏ô ‡∏°‡∏µ‡∏ä‡∏∑‡πà‡∏≠‡πÄ‡∏™‡∏µ‡∏¢‡∏á‡πÉ‡∏ô‡∏î‡πâ‡∏≤‡∏ô‡∏Å‡∏≤‡∏£‡∏ß‡∏¥‡∏à‡∏±‡∏¢‡πÅ‡∏•‡∏∞‡∏Å‡∏≤‡∏£‡∏®‡∏∂‡∏Å‡∏©‡∏≤‡πÉ‡∏ô‡∏™‡∏≤‡∏Ç‡∏≤‡∏ß‡∏¥‡∏ó‡∏¢‡∏≤‡∏®‡∏≤‡∏™‡∏ï‡∏£‡πå‡πÅ‡∏•‡∏∞‡πÄ‡∏ó‡∏Ñ‡πÇ‡∏ô‡πÇ‡∏•‡∏¢‡∏µ ‡∏Å‡πà‡∏≠‡∏ï‡∏±‡πâ‡∏á‡∏Ç‡∏∂‡πâ‡∏ô‡πÉ‡∏ô‡∏õ‡∏µ 1920 ‡πÅ‡∏•‡∏∞‡πÄ‡∏õ‡πá‡∏ô‡∏´‡∏ô‡∏∂‡πà‡∏á‡πÉ‡∏ô‡∏°‡∏´‡∏≤‡∏ß‡∏¥‡∏ó‡∏¢‡∏≤‡∏•‡∏±‡∏¢‡∏Å‡∏•‡∏∏‡πà‡∏° C9 League ‡∏î‡πâ‡∏ß‡∏¢‡∏Å‡∏≤‡∏£‡πÄ‡∏£‡∏µ‡∏¢‡∏ô‡∏Å‡∏≤‡∏£‡∏™‡∏≠‡∏ô‡πÄ‡∏õ‡πá‡∏ô‡πÅ‡∏ö‡∏ö‡∏Å‡∏≤‡∏£‡∏û‡∏π‡∏î ‡∏ü‡∏±‡∏á ‡∏≠‡πà‡∏≤‡∏ô ‡πÅ‡∏•‡∏∞‡∏Å‡∏≤‡∏£‡πÄ‡∏Ç‡∏µ‡∏¢‡∏ô  ‡∏û‡∏£‡πâ‡∏≠‡∏°‡πÄ‡∏õ‡∏¥‡∏î‡∏õ‡∏£‡∏∞‡∏™‡∏ö‡∏Å‡∏≤‡∏£‡∏ì‡πå‡πÄ‡∏£‡∏µ‡∏¢‡∏ô‡∏°‡∏´‡∏≤‡∏ß‡∏¥‡∏ó‡∏¢‡∏≤‡∏•‡∏±‡∏¢‡∏î‡∏±‡∏á Top 10 ‡∏Ç‡∏≠‡∏á‡∏õ‡∏£‡∏∞‡πÄ‡∏ó‡∏®‡∏à‡∏µ‡∏ô Harbin Institute of Technology ‡∏°‡∏´‡∏≤‡∏ß‡∏¥‡∏ó‡∏¢‡∏≤‡∏•‡∏±‡∏¢‡∏ä‡∏∑‡πà‡∏≠‡∏î‡∏±‡∏á‡∏Ç‡∏≠‡∏á‡∏à‡∏µ‡∏ô,‡∏ä‡πà‡∏ß‡∏á‡πÄ‡∏ß‡∏•‡∏≤‡∏Å‡∏≤‡∏£‡∏£‡∏±‡∏ö‡∏™‡∏°‡∏±‡∏Ñ‡∏£ 1-2 ‡πÄ‡∏î‡∏∑‡∏≠‡∏ô‡∏Å‡πà‡∏≠‡∏ô‡πÄ‡∏î‡∏¥‡∏ô‡∏ó‡∏≤‡∏á ‡∏ß‡∏±‡∏ô‡πÅ‡∏•‡∏∞‡πÄ‡∏ß‡∏•‡∏≤‡πÄ‡∏î‡∏¥‡∏ô‡∏ó‡∏≤‡∏á‡∏™‡∏≠‡∏ö‡∏ñ‡∏≤‡∏°‡∏Å‡∏±‡∏ö‡∏ó‡∏≤‡∏á‡∏ö‡∏£‡∏¥‡∏©‡∏±‡∏ó‡∏≠‡∏µ‡∏Å‡∏Ñ‡∏£‡∏±‡πâ‡∏á,,Harbin Institute of Technology,https://drive.google.com/drive/u/0/folders/1TkICqeoXySDX00MxmkHGxixJYfQTqcLm,‡πÄ‡∏î‡∏¥‡∏ô‡∏ó‡∏≤‡∏á ‡∏°‡∏µ‡∏ô‡∏≤‡∏Ñ‡∏°‡πÅ‡∏•‡∏∞‡∏Å‡∏±‡∏ô‡∏¢‡∏≤‡∏¢‡∏ô,https://drive.google.com/file/d/1sq1Y80DhI3J7a-Wd1rZTAfxQB0AKlYpq/view?usp=share_link,
17,HRBNU1S2025,‡πÄ‡∏£‡∏µ‡∏¢‡∏ô‡∏†‡∏≤‡∏©‡∏≤‡∏à‡∏µ‡∏ô 1 ‡πÄ‡∏ó‡∏≠‡∏° (HRBNU) Harbin Normal University,"Harbin, China",1 ‡πÄ‡∏ó‡∏≠‡∏°‡∏Å‡∏≤‡∏£‡∏®‡∏∂‡∏Å‡∏©‡∏≤,"‡∏´‡πâ‡∏≠‡∏á‡∏Ñ‡∏π‡πà 99,990 ‡∏´‡πâ‡∏≠‡∏á‡πÄ‡∏î‡∏µ‡πà‡∏¢‡∏ß 109,990",Harbin Normal University ‡∏°‡∏´‡∏≤‡∏ß‡∏¥‡∏ó‡∏¢‡∏≤‡∏•‡∏±‡∏¢‡πÉ‡∏à‡∏Å‡∏•‡∏≤‡∏á‡πÄ‡∏°‡∏∑‡∏≠‡∏á‡∏Æ‡∏≤‡∏£‡πå‡∏ö‡∏¥‡∏ô ‡πÄ‡∏õ‡πá‡∏ô‡∏°‡∏´‡∏≤‡∏ß‡∏¥‡∏ó‡∏¢‡∏≤‡∏•‡∏±‡∏¢‡∏ó‡∏µ‡πà‡∏°‡∏µ‡∏ä‡∏∑‡πà‡∏≠‡πÄ‡∏™‡∏µ‡∏¢‡∏á‡πÉ‡∏ô‡∏Æ‡∏≤‡∏£‡πå‡∏ö‡∏¥‡∏ô ‡∏õ‡∏£‡∏∞‡πÄ‡∏ó‡∏®‡∏à‡∏µ‡∏ô ‡∏°‡∏´‡∏≤‡∏ß‡∏¥‡∏ó‡∏¢‡∏≤‡∏•‡∏±‡∏¢‡∏ô‡∏µ‡πâ‡∏°‡∏µ‡∏ö‡∏ó‡∏ö‡∏≤‡∏ó‡∏™‡∏≥‡∏Ñ‡∏±‡∏ç‡πÉ‡∏ô‡∏Å‡∏≤‡∏£‡∏ú‡∏•‡∏¥‡∏ï‡∏Ñ‡∏£‡∏π‡πÅ‡∏•‡∏∞‡∏ö‡∏∏‡∏Ñ‡∏•‡∏≤‡∏Å‡∏£‡∏ó‡∏≤‡∏á‡∏Å‡∏≤‡∏£‡∏®‡∏∂‡∏Å‡∏©‡∏≤‡∏ó‡∏µ‡πà‡∏°‡∏µ‡∏Ñ‡∏∏‡∏ì‡∏†‡∏≤‡∏û‡∏™‡∏π‡∏á,‡∏ä‡πà‡∏ß‡∏á‡πÄ‡∏ß‡∏•‡∏≤‡∏Å‡∏≤‡∏£‡∏£‡∏±‡∏ö‡∏™‡∏°‡∏±‡∏Ñ‡∏£ 1-2 ‡πÄ‡∏î‡∏∑‡∏≠‡∏ô‡∏Å‡πà‡∏≠‡∏ô‡πÄ‡∏î‡∏¥‡∏ô‡∏ó‡∏≤‡∏á ‡∏ß‡∏±‡∏ô‡πÅ‡∏•‡∏∞‡πÄ‡∏ß‡∏•‡∏≤‡πÄ‡∏î‡∏¥‡∏ô‡∏ó‡∏≤‡∏á‡∏™‡∏≠‡∏ö‡∏ñ‡∏≤‡∏°‡∏Å‡∏±‡∏ö‡∏ó‡∏≤‡∏á‡∏ö‡∏£‡∏¥‡∏©‡∏±‡∏ó‡∏≠‡∏µ‡∏Å‡∏Ñ‡∏£‡∏±‡πâ‡∏á,,Harbin Normal University,https://drive.google.com/drive/u/0/folders/1TkICqeoXySDX00MxmkHGxixJYfQTqcLm,‡πÄ‡∏î‡∏¥‡∏ô‡∏ó‡∏≤‡∏á ‡∏°‡∏µ‡∏ô‡∏≤‡∏Ñ‡∏°‡πÅ‡∏•‡∏∞‡∏Å‡∏±‡∏ô‡∏¢‡∏≤‡∏¢‡∏ô,https://drive.google.com/file/d/1DJcfo4MlBYkAel9s9bpmKOjNtfAEKyql/view?usp=sharing,
18,HIT1S2025,‡πÄ‡∏£‡∏µ‡∏¢‡∏ô‡∏†‡∏≤‡∏©‡∏≤‡∏à‡∏µ‡∏ô 1 ‡πÄ‡∏ó‡∏≠‡∏° (HIT) Harbin Institute of technology,"Harbin, China",1 ‡∏õ‡∏µ‡∏Å‡∏≤‡∏£‡∏®‡∏∂‡∏Å‡∏©‡∏≤,‡∏´‡πâ‡∏≠‡∏á‡πÄ‡∏î‡∏µ‡πà‡∏¢‡∏ß 99990,"‡πÄ‡∏£‡∏µ‡∏¢‡∏ô‡∏Å‡∏±‡∏ö‡∏°‡∏´‡∏≤‡∏ß‡∏¥‡∏ó‡∏¢‡∏≤‡∏•‡∏±‡∏¢‡∏ä‡∏∑‡πà‡∏≠‡∏î‡∏±‡∏á Harbin Institute of Technology !! Top 10 ‡∏Ç‡∏≠‡∏á‡∏õ‡∏£‡∏∞‡πÄ‡∏ó‡∏®‡∏à‡∏µ‡∏ô 
‡∏û‡∏£‡πâ‡∏≠‡∏°‡∏Å‡∏¥‡∏à‡∏Å‡∏£‡∏£‡∏°‡πÄ‡∏£‡∏µ‡∏¢‡∏ô‡∏ß‡∏±‡∏í‡∏ô‡∏ò‡∏£‡∏£‡∏°‡∏à‡∏µ‡∏ô ‡∏°‡∏≠‡∏ö‡∏ó‡∏±‡πâ‡∏á‡∏Ñ‡∏ß‡∏≤‡∏°‡∏£‡∏π‡πâ‡πÅ‡∏•‡∏∞‡∏õ‡∏£‡∏∞‡∏™‡∏ö‡∏Å‡∏≤‡∏£‡∏ì‡πå‡∏õ‡∏£‡∏∞‡πÄ‡∏ó‡∏®‡∏à‡∏µ‡∏ô üá®üá≥",‡∏ä‡πà‡∏ß‡∏á‡πÄ‡∏ß‡∏•‡∏≤‡∏Å‡∏≤‡∏£‡∏£‡∏±‡∏ö‡∏™‡∏°‡∏±‡∏Ñ‡∏£ 1-2 ‡πÄ‡∏î‡∏∑‡∏≠‡∏ô‡∏Å‡πà‡∏≠‡∏ô‡πÄ‡∏î‡∏¥‡∏ô‡∏ó‡∏≤‡∏á ‡∏ß‡∏±‡∏ô‡πÅ‡∏•‡∏∞‡πÄ‡∏ß‡∏•‡∏≤‡πÄ‡∏î‡∏¥‡∏ô‡∏ó‡∏≤‡∏á‡∏™‡∏≠‡∏ö‡∏ñ‡∏≤‡∏°‡∏Å‡∏±‡∏ö‡∏ó‡∏≤‡∏á‡∏ö‡∏£‡∏¥‡∏©‡∏±‡∏ó‡∏≠‡∏µ‡∏Å‡∏Ñ‡∏£‡∏±‡πâ‡∏á,,Harbin Institute of Technology,https://drive.google.com/drive/u/0/folders/1TkICqeoXySDX00MxmkHGxixJYfQTqcLm,‡πÄ‡∏î‡∏¥‡∏ô‡∏ó‡∏≤‡∏á ‡∏°‡∏µ‡∏ô‡∏≤‡∏Ñ‡∏°‡πÅ‡∏•‡∏∞‡∏Å‡∏±‡∏ô‡∏¢‡∏≤‡∏¢‡∏ô,https://drive.google.com/file/d/1V1tFL34DJJBd2SPs_7zcCa2Bx7twR8AK/view?usp=share_link,
19,HITSUMMER2025,‡πÄ‡∏£‡∏µ‡∏¢‡∏ô‡∏à‡∏µ‡∏ô ‡πÄ‡∏ó‡∏µ‡πà‡∏¢‡∏ß‡∏à‡∏µ‡∏ô ‡∏û‡∏£‡πâ‡∏≠‡∏°‡∏®‡∏∂‡∏Å‡∏©‡∏≤‡∏ß‡∏±‡∏í‡∏ô‡∏ò‡∏£‡∏£‡∏°‡∏à‡∏µ‡∏ô (‡πÄ‡∏°‡∏©‡∏≤‡∏¢‡∏ô) Harbin Institute of technology,"Harbin, China",21Days,"‡∏´‡πâ‡∏≠‡∏á‡∏Ñ‡∏π‡πà 55,990","‡πÄ‡∏£‡∏µ‡∏¢‡∏ô‡∏Å‡∏±‡∏ö‡∏°‡∏´‡∏≤‡∏ß‡∏¥‡∏ó‡∏¢‡∏≤‡∏•‡∏±‡∏¢‡∏ä‡∏∑‡πà‡∏≠‡∏î‡∏±‡∏á Harbin Institute of Technology !! Top 10 ‡∏Ç‡∏≠‡∏á‡∏õ‡∏£‡∏∞‡πÄ‡∏ó‡∏®‡∏à‡∏µ‡∏ô ‡∏û‡∏£‡πâ‡∏≠‡∏°‡∏ó‡∏±‡∏®‡∏ô‡∏®‡∏∂‡∏Å‡∏©‡∏≤ 10 ‡∏™‡∏ñ‡∏≤‡∏ô‡∏ó‡∏µ‡πà‡∏î‡∏±‡∏á‡πÄ‡∏°‡∏∑‡∏≠‡∏á‡∏Æ‡∏≤‡∏£‡πå‡∏ö‡∏¥‡∏ô
‡∏û‡∏£‡πâ‡∏≠‡∏°‡∏Å‡∏¥‡∏à‡∏Å‡∏£‡∏£‡∏°‡πÄ‡∏£‡∏µ‡∏¢‡∏ô‡∏ß‡∏±‡∏í‡∏ô‡∏ò‡∏£‡∏£‡∏°‡∏à‡∏µ‡∏ô ‡∏°‡∏≠‡∏ö‡∏ó‡∏±‡πâ‡∏á‡∏Ñ‡∏ß‡∏≤‡∏°‡∏£‡∏π‡πâ‡πÅ‡∏•‡∏∞‡∏õ‡∏£‡∏∞‡∏™‡∏ö‡∏Å‡∏≤‡∏£‡∏ì‡πå‡∏õ‡∏£‡∏∞‡πÄ‡∏ó‡∏®‡∏à‡∏µ‡∏ô üá®üá≥",https://drive.google.com/file/d/1VWmYkHy0pizHYwGRQkCkCQd4f0zXBbAA/view?usp=share_link,,Harbin Institute of Technology,https://drive.google.com/drive/u/0/folders/1TkICqeoXySDX00MxmkHGxixJYfQTqcLm,2025/3/23 - 2025/4/12,https://drive.google.com/file/d/1bAoCBF5NycUWf1IxS_1kaf7cSKg6S4FK/view?usp=share_linkhttps://drive.google.com/file/d/1bAoCBF5NycUWf1IxS_1kaf7cSKg6S4FK/view?usp=share_link,